type,state,county,city,in_state_rate,out_state_rate,provider_company,date_created,fips_id,geo_lat,geo_long
COUNTY,AK,ALEUTIANS EAST BOROUGH,,$1.28,$1.28,securus,2026-01-14,02013,,
COUNTY,AK,ALEUTIANS WEST CENSUS AREA,,$1.28,$1.28,securus,2026-01-14,02016,,
COUNTY,AK,ANCHORAGE MUNICIPALITY,,$1.28,$1.28,securus,2026-01-14,02020,,
COUNTY,AK,BETHEL CENSUS AREA,,$1.28,$1.28,securus,2026-01-14,02050,,
COUNTY,AK,BRISTOL BAY BOROUGH,,$1.28,$1.28,securus,2026-01-14,02060,,
COUNTY,AK,DENALI BOROUGH,,$1.28,$1.28,securus,2026-01-14,02068,,
COUNTY,AK,DILLINGHAM CENSUS AREA,,$1.28,$1.28,securus,2026-01-14,02070,,
COUNTY,AK,FAIRBANKS NORTH STAR BOROUGH,,$1.28,$1.28,securus,2026-01-14,02090,,
COUNTY,AK,HAINES BOROUGH,,$1.28,$1.28,securus,2026-01-14,02100,,
COUNTY,AK,HOONAH-ANGOON CENSUS AREA,,$1.28,$1.28,securus,2026-01-14,02105,,
COUNTY,AK,JUNEAU CITY AND BOROUGH,,$1.28,$1.28,securus,2026-01-14,02110,,
COUNTY,AK,KENAI PENINSULA BOROUGH,,$1.28,$1.28,securus,2026-01-14,02122,,
COUNTY,AK,KETCHIKAN GATEWAY BOROUGH,,$1.28,$1.28,securus,2026-01-14,02130,,
COUNTY,AK,KODIAK ISLAND BOROUGH,,$1.28,$1.28,securus,2026-01-14,02150,,
COUNTY,AK,KUSILVAK CENSUS AREA,,$1.28,$1.28,securus,2026-01-14,02158,,
COUNTY,AK,LAKE AND PENINSULA BOROUGH,,$1.28,$1.28,securus,2026-01-14,02164,,
COUNTY,AK,MATANUSKA-SUSITNA BOROUGH,,$1.28,$1.28,securus,2026-01-14,02170,,
COUNTY,AK,NOME CENSUS AREA,,$1.28,$1.28,securus,2026-01-14,02180,,
COUNTY,AK,NORTH SLOPE BOROUGH,,$1.28,$1.28,securus,2026-01-14,02185,,
COUNTY,AK,NORTHWEST ARCTIC BOROUGH,,$1.28,$1.28,securus,2026-01-14,02188,,
COUNTY,AK,PETERSBURG CENSUS AREA,,$1.28,$1.28,securus,2026-01-14,02195,,
COUNTY,AK,PRINCE OF WALES-HYDER CENSUS AREA,,$1.28,$1.28,securus,2026-01-14,02198,,
COUNTY,AK,SITKA CITY AND BOROUGH,,$1.28,$1.28,securus,2026-01-14,02220,,
COUNTY,AK,SKAGWAY MUNICIPALITY,,$1.28,$1.28,securus,2026-01-14,02230,,
COUNTY,AK,SOUTHEAST FAIRBANKS CENSUS AREA,,$1.28,$1.28,securus,2026-01-14,02240,,
COUNTY,AK,VALDEZ-CORDOVA CENSUS AREA,,$1.28,$1.28,securus,2026-01-14,02261,,
COUNTY,AK,WADE HAMPTON CENSUS AREA,,$1.28,$1.28,securus,2026-01-14,02270,,
COUNTY,AK,WRANGELL CITY AND BOROUGH,,$1.28,$1.28,securus,2026-01-14,02275,,
COUNTY,AK,YAKUTAT CITY AND BOROUGH,,$1.28,$1.28,securus,2026-01-14,02282,,
COUNTY,AK,YUKON-KOYUKUK CENSUS AREA,,$1.28,$1.28,securus,2026-01-14,02290,,
COUNTY,AL,AUTAUGA,,$3.30,$3.15,amtel,2026-01-14,01001,,
COUNTY,AL,BALDWIN,,$3.15,$3.15,ics,2026-01-14,01003,,
COUNTY,AL,BARBOUR,,$3.15,$3.15,paytel,2026-01-14,01005,,
COUNTY,AL,BIBB,,$3.15,$3.15,paytel,2026-01-14,01007,,
COUNTY,AL,CALHOUN,,$4.50,$3.15,amtel,2026-01-14,01015,,
COUNTY,AL,CHILTON,,$3.15,$3.15,securus,2026-01-14,01021,,
COUNTY,AL,COFFEE,,$4.20,$3.15,amtel,2026-01-14,01031,,
COUNTY,AL,DALE,,$3.15,$3.15,ics,2026-01-14,01045,,
COUNTY,AL,HOUSTON,,$3.15,$3.15,ics,2026-01-14,01069,,
COUNTY,AL,LAUDERDALE,,$3.15,$3.15,viapath,2026-01-14,01077,,
COUNTY,AL,LOWNDES,,$3.30,$3.15,amtel,2026-01-14,01085,,
COUNTY,AL,MACON,,$3.75,$3.15,amtel,2026-01-14,01087,,
COUNTY,AL,MARENGO,,$3.75,$3.15,amtel,2026-01-14,01091,,
COUNTY,AL,MOBILE,,$3.75,$2.40,viapath,2026-01-14,01097,,
COUNTY,AL,MONTGOMERY,,$1.20,$1.20,ics,2026-01-14,01101,,
COUNTY,AL,MORGAN,,$3.15,$3.15,ics,2026-01-14,01103,,
COUNTY,AL,PERRY,,$3.15,$3.15,securus,2026-01-14,01105,,
COUNTY,AL,TALLADEGA,,$3.75,$3.15,viapath,2026-01-14,01121,,
COUNTY,AL,TALLAPOOSA,,$1.35,$1.35,viapath,2026-01-14,01123,,
COUNTY,AL,TUSCALOOSA,,$3.15,$3.15,ics,2026-01-14,01125,,
COUNTY,AL,WILCOX,,$3.75,$3.15,amtel,2026-01-14,01131,,
COUNTY,AR,MISSISSIPPI,,$0.90,$0.90,securus,2026-01-14,05093,,
COUNTY,AR,PHILLIPS,,$1.80,$1.80,ics,2026-01-14,05107,,
COUNTY,AZ,APACHE,,$3.15,$3.15,securus,2026-01-14,04001,,
COUNTY,AZ,COCHISE,,$1.35,$1.35,securus,2026-01-14,04003,,
COUNTY,AZ,GILA,,$3.15,$3.15,viapath,2026-01-14,04007,,
COUNTY,AZ,GRAHAM,,$3.15,$3.15,ics,2026-01-14,04009,,
COUNTY,AZ,MARICOPA,,$2.40,$2.40,viapath,2026-01-14,04013,,
COUNTY,AZ,PIMA,,$2.40,$2.40,viapath,2026-01-14,04019,,
COUNTY,AZ,PINAL,,$2.70,$2.70,securus,2026-01-14,04021,,
COUNTY,AZ,YAVAPAI,,$3.15,$3.15,securus,2026-01-14,04025,,
COUNTY,AZ,YUMA,,$0.90,$0.90,securus,2026-01-14,04027,,
COUNTY,CA,ALAMEDA,,$0.00,$0.00,viapath,2026-01-14,06001,,
COUNTY,CA,AMADOR,,$0.00,$0.00,securus,2026-01-14,06005,,
COUNTY,CA,BUTTE,,$0.00,$0.00,ics,2026-01-14,06007,,
COUNTY,CA,CALAVERAS,,$0.00,$0.00,securus,2026-01-14,06009,,
COUNTY,CA,CONTRA COSTA,,$0.00,$0.00,viapath,2026-01-14,06013,,
COUNTY,CA,DEL NORTE,,$0.00,$0.00,securus,2026-01-14,06015,,
COUNTY,CA,EL DORADO,,$0.00,$0.00,ics,2026-01-14,06017,,
COUNTY,CA,FRESNO,,$0.00,$0.00,viapath,2026-01-14,06019,,
COUNTY,CA,GLENN,,$0.00,$0.00,viapath,2026-01-14,06021,,
COUNTY,CA,HUMBOLDT,,$0.00,$0.00,ics,2026-01-14,06023,,
COUNTY,CA,INYO,,$0.00,$0.00,ics,2026-01-14,06027,,
COUNTY,CA,KERN,,$0.00,$0.00,securus,2026-01-14,06029,,
COUNTY,CA,KINGS,,$0.00,$0.00,ics,2026-01-14,06031,,
COUNTY,CA,LOS ANGELES,,$0.00,$0.00,viapath,2026-01-14,06037,,
COUNTY,CA,MADERA,,$0.00,$0.00,securus,2026-01-14,06039,,
COUNTY,CA,MARIN,,$0.00,$0.00,viapath,2026-01-14,06041,,
COUNTY,CA,MENDOCINO,,$0.00,$0.00,ics,2026-01-14,06045,,
COUNTY,CA,MERCED,,$0.00,$0.00,viapath,2026-01-14,06047,,
COUNTY,CA,MONO,,$0.00,$0.00,securus,2026-01-14,06051,,
COUNTY,CA,NAPA,,$0.00,$0.00,securus,2026-01-14,06055,,
COUNTY,CA,ORANGE,,$0.00,$0.00,viapath,2026-01-14,06059,,
COUNTY,CA,PLACER,,$0.00,$0.00,ics,2026-01-14,06061,,
COUNTY,CA,RIVERSIDE,,$0.00,$0.00,securus,2026-01-14,06065,,
COUNTY,CA,SACRAMENTO,,$0.00,$0.00,securus,2026-01-14,06067,,
COUNTY,CA,SAN BENITO,,$0.00,$0.00,viapath,2026-01-14,06069,,
COUNTY,CA,SAN BERNARDINO,,$0.00,$0.00,securus,2026-01-14,06071,,
COUNTY,CA,SAN DIEGO,,$0.00,$0.00,securus,2026-01-14,06073,,
COUNTY,CA,SAN FRANCISCO,,$0.00,$0.00,viapath,2026-01-14,06075,,
COUNTY,CA,SAN JOAQUIN,,$0.00,$0.00,securus,2026-01-14,06077,,
COUNTY,CA,SAN MATEO,,$0.00,$0.00,ics,2026-01-14,06081,,
COUNTY,CA,SANTA CLARA,,$0.00,$0.00,viapath,2026-01-14,06085,,
COUNTY,CA,SANTA CRUZ,,$0.00,$0.00,ics,2026-01-14,06087,,
COUNTY,CA,SHASTA,,$0.00,$0.00,ics,2026-01-14,06089,,
COUNTY,CA,SOLANO,,$0.00,$0.00,viapath,2026-01-14,06095,,
COUNTY,CA,SONOMA,,$0.00,$0.00,viapath,2026-01-14,06097,,
COUNTY,CA,STANISLAUS,,$0.00,$0.00,ics,2026-01-14,06099,,
COUNTY,CA,SUTTER,,$0.00,$0.00,securus,2026-01-14,06101,,
COUNTY,CA,TEHAMA,,$0.00,$0.00,ics,2026-01-14,06103,,
COUNTY,CA,TRINITY,,$0.00,$0.00,ics,2026-01-14,06105,,
COUNTY,CA,TULARE,,$0.00,$0.00,viapath,2026-01-14,06107,,
COUNTY,CA,TUOLUMNE,,$0.00,$0.00,securus,2026-01-14,06109,,
COUNTY,CA,VENTURA,,$0.00,$0.00,securus,2026-01-14,06111,,
COUNTY,CA,YOLO,,$0.00,$0.00,ics,2026-01-14,06113,,
COUNTY,CA,YUBA,,$0.00,$0.00,viapath,2026-01-14,06115,,
COUNTY,CO,ARAPAHOE,,$2.40,$2.40,viapath,2026-01-14,08005,,
COUNTY,CO,CHAFFEE,,$1.80,,securus,2026-01-14,08015,,
COUNTY,CO,CLEAR CREEK,,$3.15,$3.15,securus,2026-01-14,08019,,
COUNTY,CO,DENVER,,$0.90,$0.90,securus,2026-01-14,08031,,
COUNTY,CO,DOUGLAS,,$1.05,$1.05,ics,2026-01-14,08035,,
COUNTY,CO,GARFIELD,,$3.00,$3.00,ics,2026-01-14,08045,,
COUNTY,CO,JEFFERSON,,$2.40,$2.40,securus,2026-01-14,08059,,
COUNTY,CO,LARIMER,,$3.15,$3.15,viapath,2026-01-14,08069,,
COUNTY,CO,LINCOLN,,$3.15,$3.15,securus,2026-01-14,08073,,
COUNTY,CO,MESA,,$2.40,$2.40,ics,2026-01-14,08077,,
COUNTY,CO,PARK,,$1.80,$1.80,securus,2026-01-14,08093,,
COUNTY,CO,PUEBLO,,$1.05,$1.05,ics,2026-01-14,08101,,
COUNTY,CO,SUMMIT,,$3.15,$3.15,securus,2026-01-14,08117,,
COUNTY,CO,WELD,,$3.00,$3.00,viapath,2026-01-14,08123,,
COUNTY,CT,FAIRFIELD,,$0.00,$0.00,securus,2026-01-14,09001,,
COUNTY,CT,HARTFORD,,$0.00,$0.00,securus,2026-01-14,09003,,
COUNTY,CT,LITCHFIELD,,$0.00,$0.00,securus,2026-01-14,09005,,
COUNTY,CT,MIDDLESEX,,$0.00,$0.00,securus,2026-01-14,09007,,
COUNTY,CT,NEW HAVEN,,$0.00,$0.00,securus,2026-01-14,09009,,
COUNTY,CT,NEW LONDON,,$0.00,$0.00,securus,2026-01-14,09011,,
COUNTY,CT,TOLLAND,,$0.00,$0.00,securus,2026-01-14,09013,,
COUNTY,CT,WINDHAM,,$0.00,$0.00,securus,2026-01-14,09015,,
COUNTY,DC,DISTRICT OF COLUMBIA,,$0.90,$0.90,viapath,2026-01-14,11001,,
COUNTY,DE,KENT,,$0.60,$0.60,viapath,2026-01-14,10001,,
COUNTY,DE,NEW CASTLE,,$0.60,$0.60,viapath,2026-01-14,10003,,
COUNTY,DE,SUSSEX,,$0.60,$0.60,viapath,2026-01-14,10005,,
COUNTY,FL,BAY,,$2.10,$2.10,viapath,2026-01-14,12005,,
COUNTY,FL,BROWARD,,$0.90,$0.90,securus,2026-01-14,12011,,
COUNTY,FL,CITRUS,,$3.00,$3.00,securus,2026-01-14,12017,,
COUNTY,FL,COLUMBIA,,$1.35,$1.35,securus,2026-01-14,12023,,
COUNTY,FL,DESOTO,,$3.15,$3.15,paytel,2026-01-14,12027,,
COUNTY,FL,DIXIE,,$4.50,$3.15,amtel,2026-01-14,12029,,
COUNTY,FL,DUVAL,,$4.20,$2.40,viapath,2026-01-14,12031,,
COUNTY,FL,ESCAMBIA,,$2.25,$2.25,viapath,2026-01-14,12033,,
COUNTY,FL,FLAGLER,,$1.35,$1.35,securus,2026-01-14,12035,,
COUNTY,FL,GILCHRIST,,$4.50,$3.15,amtel,2026-01-14,12041,,
COUNTY,FL,GULF,,$4.50,$3.15,amtel,2026-01-14,12045,,
COUNTY,FL,HAMILTON,,$3.15,$3.15,ics,2026-01-14,12047,,
COUNTY,FL,HARDEE,,$3.15,$3.15,securus,2026-01-14,12049,,
COUNTY,FL,HIGHLANDS,,$3.75,$3.15,viapath,2026-01-14,12055,,
COUNTY,FL,JACKSON,,$3.15,$3.15,securus,2026-01-14,12063,,
COUNTY,FL,JEFFERSON,,$3.15,$3.15,paytel,2026-01-14,12065,,
COUNTY,FL,LAKE,,$1.80,$1.80,securus,2026-01-14,12069,,
COUNTY,FL,LEE,,$2.40,$2.40,viapath,2026-01-14,12071,,
COUNTY,FL,LEON,,$2.40,$2.40,securus,2026-01-14,12073,,
COUNTY,FL,MADISON,,$3.15,$3.15,securus,2026-01-14,12079,,
COUNTY,FL,MANATEE,,$2.10,$2.10,viapath,2026-01-14,12081,,
COUNTY,FL,MARION,,$2.40,$2.40,securus,2026-01-14,12083,,
COUNTY,FL,MARTIN,,$2.40,$2.40,securus,2026-01-14,12085,,
COUNTY,FL,MIAMI-DADE,,$0.68,$0.68,viapath,2026-01-14,12086,,
COUNTY,FL,MONROE,,$3.15,$3.15,ics,2026-01-14,12087,,
COUNTY,FL,NASSAU,,$3.75,$3.15,viapath,2026-01-14,12089,,
COUNTY,FL,ORANGE,,$0.90,$0.90,viapath,2026-01-14,12095,,
COUNTY,FL,OSCEOLA,,$3.15,$3.15,ics,2026-01-14,12097,,
COUNTY,FL,PALM BEACH,,$2.40,$2.40,securus,2026-01-14,12099,,
COUNTY,FL,PASCO,,$2.40,$2.40,ics,2026-01-14,12101,,
COUNTY,FL,POLK,,$2.40,$2.40,securus,2026-01-14,12105,,
COUNTY,FL,PUTNAM,,$3.15,$3.15,securus,2026-01-14,12107,,
COUNTY,FL,SARASOTA,,$2.25,$2.25,viapath,2026-01-14,12115,,
COUNTY,FL,SEMINOLE,,$3.15,$3.15,securus,2026-01-14,12117,,
COUNTY,FL,ST LUCIE,,$2.40,$2.40,viapath,2026-01-14,12111,,
COUNTY,FL,TAYLOR,,$3.15,$3.15,securus,2026-01-14,12123,,
COUNTY,FL,VOLUSIA,,$2.40,$2.40,ics,2026-01-14,12127,,
COUNTY,FL,WAKULLA,,$3.00,$3.00,securus,2026-01-14,12129,,
COUNTY,FL,WALTON,,$3.15,$3.15,viapath,2026-01-14,12131,,
COUNTY,GA,APPLING,,$2.85,$3.15,amtel,2026-01-14,13001,,
COUNTY,GA,BACON,,$2.85,$3.15,amtel,2026-01-14,13005,,
COUNTY,GA,BALDWIN,,$2.85,$3.15,securus,2026-01-14,13009,,
COUNTY,GA,BARROW,,$2.85,$3.15,paytel,2026-01-14,13013,,
COUNTY,GA,BARTOW,,$1.05,$1.05,ics,2026-01-14,13015,,
COUNTY,GA,BIBB,,$2.85,$3.15,securus,2026-01-14,13021,,
COUNTY,GA,BURKE,,$2.85,$3.15,paytel,2026-01-14,13033,,
COUNTY,GA,BUTTS,,$2.85,$3.15,paytel,2026-01-14,13035,,
COUNTY,GA,CAMDEN,,$2.85,$3.15,amtel,2026-01-14,13039,,
COUNTY,GA,CARROLL,,$2.40,$3.15,securus,2026-01-14,13045,,
COUNTY,GA,CATOOSA,,$1.35,$1.35,securus,2026-01-14,13047,,
COUNTY,GA,CHATHAM,,$0.90,$0.90,paytel,2026-01-14,13051,,
COUNTY,GA,CLARKE,,$1.05,$1.05,securus,2026-01-14,13059,,
COUNTY,GA,COBB,,$1.80,$2.40,viapath,2026-01-14,13067,,
COUNTY,GA,COLQUITT,,$2.85,$3.15,paytel,2026-01-14,13071,,
COUNTY,GA,COLUMBIA,,$1.35,$1.35,securus,2026-01-14,13073,,
COUNTY,GA,COOK,,$2.85,$3.15,amtel,2026-01-14,13075,,
COUNTY,GA,COWETA,,$1.05,$1.05,paytel,2026-01-14,13077,,
COUNTY,GA,CRISP,,$2.85,$3.15,paytel,2026-01-14,13081,,
COUNTY,GA,DEKALB,,$0.90,$0.90,securus,2026-01-14,13089,,
COUNTY,GA,DODGE,,$2.85,$3.15,paytel,2026-01-14,13091,,
COUNTY,GA,DOOLY,,$2.85,$3.15,paytel,2026-01-14,13093,,
COUNTY,GA,DOUGHERTY,,$2.85,$3.15,paytel,2026-01-14,13095,,
COUNTY,GA,ELBERT,,$2.85,$3.15,paytel,2026-01-14,13105,,
COUNTY,GA,EVANS,,$2.85,$3.15,amtel,2026-01-14,13109,,
COUNTY,GA,FAYETTE,,$2.70,$3.15,securus,2026-01-14,13113,,
COUNTY,GA,FORSYTH,,$1.35,$1.35,securus,2026-01-14,13117,,
COUNTY,GA,FRANKLIN,,$2.85,$3.15,paytel,2026-01-14,13119,,
COUNTY,GA,GILMER,,$2.85,$3.15,paytel,2026-01-14,13123,,
COUNTY,GA,GLYNN,,$2.85,$3.15,paytel,2026-01-14,13127,,
COUNTY,GA,GORDON,,$2.85,$3.15,paytel,2026-01-14,13129,,
COUNTY,GA,GRADY,,$2.85,$3.15,securus,2026-01-14,13131,,
COUNTY,GA,GREENE,,$2.85,$3.15,paytel,2026-01-14,13133,,
COUNTY,GA,GWINNETT,,$1.95,$2.85,securus,2026-01-14,13135,,
COUNTY,GA,HABERSHAM,,$2.85,$3.15,paytel,2026-01-14,13137,,
COUNTY,GA,HALL,,$1.05,$1.05,securus,2026-01-14,13139,,
COUNTY,GA,HARALSON,,$2.85,$3.15,paytel,2026-01-14,13143,,
COUNTY,GA,HARRIS,,$2.85,$3.15,securus,2026-01-14,13145,,
COUNTY,GA,HART,,$2.85,$3.15,paytel,2026-01-14,13147,,
COUNTY,GA,HEARD,,$2.85,$3.15,paytel,2026-01-14,13149,,
COUNTY,GA,HENRY,,$1.05,$1.05,ics,2026-01-14,13151,,
COUNTY,GA,HOUSTON,,$2.85,$3.15,paytel,2026-01-14,13153,,
COUNTY,GA,IRWIN,,$4.35,$3.15,amtel,2026-01-14,13155,,
COUNTY,GA,JACKSON,,$1.35,$1.35,paytel,2026-01-14,13157,,
COUNTY,GA,JASPER,,$2.85,$3.15,paytel,2026-01-14,13159,,
COUNTY,GA,JEFFERSON,,$2.10,$2.10,ics,2026-01-14,13163,,
COUNTY,GA,JENKINS,,$2.85,$3.15,amtel,2026-01-14,13165,,
COUNTY,GA,JOHNSON,,$2.85,$3.15,amtel,2026-01-14,13167,,
COUNTY,GA,JONES,,$1.35,$1.35,paytel,2026-01-14,13169,,
COUNTY,GA,LAMAR,,$2.85,$3.15,paytel,2026-01-14,13171,,
COUNTY,GA,LEE,,$2.85,$3.15,amtel,2026-01-14,13177,,
COUNTY,GA,LUMPKIN,,$2.85,$3.15,paytel,2026-01-14,13187,,
COUNTY,GA,MADISON,,$2.85,$3.15,paytel,2026-01-14,13195,,
COUNTY,GA,MARION,,$2.85,$3.15,securus,2026-01-14,13197,,
COUNTY,GA,MCDUFFIE,,$2.70,$2.70,ics,2026-01-14,13189,,
COUNTY,GA,MERIWETHER,,$2.85,$3.15,securus,2026-01-14,13199,,
COUNTY,GA,MORGAN,,$1.35,$1.35,paytel,2026-01-14,13211,,
COUNTY,GA,NEWTON,,$2.85,$3.15,paytel,2026-01-14,13217,,
COUNTY,GA,OCONEE,,$2.85,$3.15,paytel,2026-01-14,13219,,
COUNTY,GA,OGLETHORPE,,$1.80,$1.80,paytel,2026-01-14,13221,,
COUNTY,GA,PEACH,,$2.85,$3.15,paytel,2026-01-14,13225,,
COUNTY,GA,PICKENS,,$2.85,$3.15,paytel,2026-01-14,13227,,
COUNTY,GA,PIKE,,$2.70,$3.15,securus,2026-01-14,13231,,
COUNTY,GA,PULASKI,,$2.85,$3.15,paytel,2026-01-14,13235,,
COUNTY,GA,PUTNAM,,$1.80,$1.80,paytel,2026-01-14,13237,,
COUNTY,GA,RABUN,,$2.85,$3.15,paytel,2026-01-14,13241,,
COUNTY,GA,ROCKDALE,,$2.70,$3.15,securus,2026-01-14,13247,,
COUNTY,GA,SCHLEY,,$2.85,$3.15,paytel,2026-01-14,13249,,
COUNTY,GA,SCREVEN,,$2.10,$2.10,ics,2026-01-14,13251,,
COUNTY,GA,SPALDING,,$2.85,$3.15,amtel,2026-01-14,13255,,
COUNTY,GA,TALBOT,,$2.85,$3.15,paytel,2026-01-14,13263,,
COUNTY,GA,TATTNALL,,$2.85,$3.15,securus,2026-01-14,13267,,
COUNTY,GA,TAYLOR,,$2.85,$3.15,paytel,2026-01-14,13269,,
COUNTY,GA,THOMAS,,,$3.15,securus,2026-01-14,13275,,
COUNTY,GA,TIFT,,$0.90,$0.90,securus,2026-01-14,13277,,
COUNTY,GA,TREUTLEN,,$2.85,$3.15,paytel,2026-01-14,13283,,
COUNTY,GA,TROUP,,$2.85,$3.15,securus,2026-01-14,13285,,
COUNTY,GA,TURNER,,$2.85,$3.15,amtel,2026-01-14,13287,,
COUNTY,GA,TWIGGS,,$2.85,$3.15,paytel,2026-01-14,13289,,
COUNTY,GA,UPSON,,$2.85,$3.15,paytel,2026-01-14,13293,,
COUNTY,GA,WALKER,,$0.90,$0.90,securus,2026-01-14,13295,,
COUNTY,GA,WALTON,,$2.85,$3.15,paytel,2026-01-14,13297,,
COUNTY,GA,WARE,,$0.90,$0.90,securus,2026-01-14,13299,,
COUNTY,GA,WASHINGTON,,$1.35,$1.35,ics,2026-01-14,13303,,
COUNTY,GA,WHEELER,,$2.85,$3.15,amtel,2026-01-14,13309,,
COUNTY,GA,WHITE,,$2.85,$3.15,paytel,2026-01-14,13311,,
COUNTY,GA,WHITFIELD,,$1.05,$1.05,paytel,2026-01-14,13313,,
COUNTY,GA,WILCOX,,$4.35,$3.15,amtel,2026-01-14,13315,,
COUNTY,HI,HAWAII,,$0.81,$0.81,viapath,2026-01-14,15001,,
COUNTY,HI,HONOLULU,,$0.81,$0.81,viapath,2026-01-14,15003,,
COUNTY,HI,KALAWAO,,$0.81,$0.81,viapath,2026-01-14,15005,,
COUNTY,HI,KAUAI,,$0.81,$0.81,viapath,2026-01-14,15007,,
COUNTY,HI,MAUI,,$0.81,$0.81,viapath,2026-01-14,15009,,
COUNTY,IA,ADAIR,,$3.75,$3.15,reliance,2026-01-14,19001,,
COUNTY,IA,ADAMS,,$3.75,$3.15,reliance,2026-01-14,19003,,
COUNTY,IA,ALLAMAKEE,,$3.75,$3.15,reliance,2026-01-14,19005,,
COUNTY,IA,APPANOOSE,,$3.75,$3.15,reliance,2026-01-14,19007,,
COUNTY,IA,AUDUBON,,$3.75,$3.15,reliance,2026-01-14,19009,,
COUNTY,IA,BLACK HAWK,,$3.15,$3.15,viapath,2026-01-14,19013,,
COUNTY,IA,BREMER,,$3.15,$3.15,securus,2026-01-14,19017,,
COUNTY,IA,BUCHANAN,,$3.75,$3.15,reliance,2026-01-14,19019,,
COUNTY,IA,BUENA VISTA,,$3.75,$3.15,reliance,2026-01-14,19021,,
COUNTY,IA,CHEROKEE,,$3.75,$3.15,reliance,2026-01-14,19035,,
COUNTY,IA,CHICKASAW,,$3.75,$3.15,reliance,2026-01-14,19037,,
COUNTY,IA,CLAY,,$3.75,$3.15,reliance,2026-01-14,19041,,
COUNTY,IA,DICKINSON,,$3.75,$3.15,reliance,2026-01-14,19059,,
COUNTY,IA,DUBUQUE,,$3.15,$3.15,ics,2026-01-14,19061,,
COUNTY,IA,EMMET,,$3.75,$3.15,reliance,2026-01-14,19063,,
COUNTY,IA,FAYETTE,,$3.75,$3.15,reliance,2026-01-14,19065,,
COUNTY,IA,FREMONT,,$3.75,$3.15,reliance,2026-01-14,19071,,
COUNTY,IA,GRUNDY,,$3.75,$3.15,reliance,2026-01-14,19075,,
COUNTY,IA,GUTHRIE,,$3.75,$3.15,reliance,2026-01-14,19077,,
COUNTY,IA,HAMILTON,,$3.75,$3.15,reliance,2026-01-14,19079,,
COUNTY,IA,HENRY,,$3.75,$3.15,reliance,2026-01-14,19087,,
COUNTY,IA,HOWARD,,$3.75,$3.15,reliance,2026-01-14,19089,,
COUNTY,IA,HUMBOLDT,,$3.75,$3.15,reliance,2026-01-14,19091,,
COUNTY,IA,IDA,,$3.75,$3.15,reliance,2026-01-14,19093,,
COUNTY,IA,JASPER,,$3.15,$3.15,ics,2026-01-14,19099,,
COUNTY,IA,JONES,,$3.75,$3.15,reliance,2026-01-14,19105,,
COUNTY,IA,KEOKUK,,$3.75,$3.15,reliance,2026-01-14,19107,,
COUNTY,IA,KOSSUTH,,$3.75,$3.15,reliance,2026-01-14,19109,,
COUNTY,IA,LYON,,$3.75,$3.15,reliance,2026-01-14,19119,,
COUNTY,IA,MAHASKA,,$3.75,$3.15,reliance,2026-01-14,19123,,
COUNTY,IA,MILLS,,$3.75,$3.15,reliance,2026-01-14,19129,,
COUNTY,IA,MONONA,,$3.75,$3.15,reliance,2026-01-14,19133,,
COUNTY,IA,PAGE,,$3.75,$3.15,reliance,2026-01-14,19145,,
COUNTY,IA,PALO ALTO,,$3.75,$3.15,reliance,2026-01-14,19147,,
COUNTY,IA,PLYMOUTH,,$3.75,$3.15,reliance,2026-01-14,19149,,
COUNTY,IA,POLK,,$2.25,$2.25,ics,2026-01-14,19153,,
COUNTY,IA,POWESHIEK,,$3.75,$3.15,reliance,2026-01-14,19157,,
COUNTY,IA,RINGGOLD,,$3.75,$3.15,reliance,2026-01-14,19159,,
COUNTY,IA,SAC,,$3.75,$3.15,reliance,2026-01-14,19161,,
COUNTY,IA,SCOTT,,$1.35,$1.35,viapath,2026-01-14,19163,,
COUNTY,IA,SHELBY,,$3.75,$3.15,reliance,2026-01-14,19165,,
COUNTY,IA,SIOUX,,$3.75,$3.15,reliance,2026-01-14,19167,,
COUNTY,IA,STORY,,$2.85,$2.85,securus,2026-01-14,19169,,
COUNTY,IA,TAYLOR,,$3.75,$3.15,reliance,2026-01-14,19173,,
COUNTY,IA,VAN BUREN,,$3.75,$3.15,reliance,2026-01-14,19177,,
COUNTY,IA,WARREN,,$3.75,$3.15,reliance,2026-01-14,19181,,
COUNTY,IA,WAYNE,,$3.75,$3.15,reliance,2026-01-14,19185,,
COUNTY,IA,WEBSTER,,$3.15,$3.15,securus,2026-01-14,19187,,
COUNTY,IA,WORTH,,$3.75,$3.15,reliance,2026-01-14,19195,,
COUNTY,IA,WRIGHT,,$3.75,$3.15,reliance,2026-01-14,19197,,
COUNTY,ID,BANNOCK,,$3.15,$3.15,securus,2026-01-14,16005,,
COUNTY,ID,CUSTER,,$3.15,$3.15,securus,2026-01-14,16037,,
COUNTY,ID,NEZ PERCE,,$1.80,$1.80,securus,2026-01-14,16069,,
COUNTY,IL,ADAMS,,$3.15,$3.15,securus,2026-01-14,17001,,
COUNTY,IL,BOONE,,$3.15,$3.15,securus,2026-01-14,17007,,
COUNTY,IL,CLINTON,,$1.80,$1.80,ics,2026-01-14,17027,,
COUNTY,IL,CRAWFORD,,$3.15,$3.15,securus,2026-01-14,17033,,
COUNTY,IL,DUPAGE,,$3.15,$3.15,viapath,2026-01-14,17043,,
COUNTY,IL,JACKSON,,$0.12,$0.12,ics,2026-01-14,17077,,
COUNTY,IL,KANE,,$1.35,$1.35,ics,2026-01-14,17089,,
COUNTY,IL,KANKAKEE,,$3.15,$3.15,securus,2026-01-14,17091,,
COUNTY,IL,KENDALL,,$3.15,$3.15,securus,2026-01-14,17093,,
COUNTY,IL,KNOX,,$3.15,$3.15,securus,2026-01-14,17095,,
COUNTY,IL,LAKE,,$1.05,$1.05,ics,2026-01-14,17097,,
COUNTY,IL,LAWRENCE,,$3.15,$3.15,securus,2026-01-14,17101,,
COUNTY,IL,MADISON,,$3.15,$3.15,ics,2026-01-14,17119,,
COUNTY,IL,MARSHALL,,$3.15,$3.15,securus,2026-01-14,17123,,
COUNTY,IL,MCHENRY,,$1.05,$1.05,ics,2026-01-14,17111,,
COUNTY,IL,MCLEAN,,$3.15,$3.15,ics,2026-01-14,17113,,
COUNTY,IL,SALINE,,$3.15,$3.15,securus,2026-01-14,17165,,
COUNTY,IL,ST CLAIR,,$3.15,$3.15,ics,2026-01-14,17163,,
COUNTY,IL,VERMILION,,$3.15,$3.15,securus,2026-01-14,17183,,
COUNTY,IL,WINNEBAGO,,$3.15,$3.15,viapath,2026-01-14,17201,,
COUNTY,IN,ALLEN,,$3.15,$3.15,viapath,2026-01-14,18003,,
COUNTY,IN,BOONE,,$3.15,$3.15,ics,2026-01-14,18011,,
COUNTY,IN,DEKALB,,$3.15,$3.15,ics,2026-01-14,18033,,
COUNTY,IN,ELKHART,,$3.15,$3.15,securus,2026-01-14,18039,,
COUNTY,IN,FLOYD,,$3.15,$3.15,securus,2026-01-14,18043,,
COUNTY,IN,HAMILTON,,$3.15,$3.15,viapath,2026-01-14,18057,,
COUNTY,IN,HARRISON,,$3.15,$3.15,securus,2026-01-14,18061,,
COUNTY,IN,KOSCIUSKO,,$3.15,$3.15,securus,2026-01-14,18085,,
COUNTY,IN,LAPORTE,,$3.15,$3.15,securus,2026-01-14,18091,,
COUNTY,IN,MADISON,,$3.15,$3.15,securus,2026-01-14,18095,,
COUNTY,IN,MARION,,$0.90,$0.90,viapath,2026-01-14,18097,,
COUNTY,IN,MONTGOMERY,,$3.15,$3.15,securus,2026-01-14,18107,,
COUNTY,IN,PORTER,,$3.15,$3.15,viapath,2026-01-14,18127,,
COUNTY,IN,SHELBY,,$3.15,$3.15,securus,2026-01-14,18145,,
COUNTY,IN,TIPPECANOE,,$3.15,$3.15,securus,2026-01-14,18157,,
COUNTY,KS,ATCHISON,,$0.90,$0.90,ics,2026-01-14,20005,,
COUNTY,KS,BUTLER,,$3.15,$3.15,securus,2026-01-14,20015,,
COUNTY,KS,DOUGLAS,,$3.15,$3.15,ics,2026-01-14,20045,,
COUNTY,KS,JOHNSON,,$1.50,$1.50,viapath,2026-01-14,20091,,
COUNTY,KS,MCPHERSON,,$3.15,$3.15,securus,2026-01-14,20113,,
COUNTY,KS,SEDGWICK,,$0.74,$0.74,securus,2026-01-14,20173,,
COUNTY,KS,WYANDOTTE,,$1.95,$1.95,securus,2026-01-14,20209,,
COUNTY,KY,BOYD,,$3.15,$3.15,viapath,2026-01-14,21019,,
COUNTY,KY,CLINTON,,$3.15,$3.15,securus,2026-01-14,21053,,
COUNTY,KY,CRITTENDEN,,$3.15,$3.15,ics,2026-01-14,21055,,
COUNTY,KY,FLOYD,,$3.15,$3.15,viapath,2026-01-14,21071,,
COUNTY,KY,HENDERSON,,$3.00,$3.00,viapath,2026-01-14,21101,,
COUNTY,KY,LEE,,$2.10,$2.10,securus,2026-01-14,21129,,
COUNTY,KY,LETCHER,,$1.35,$1.35,securus,2026-01-14,21133,,
COUNTY,KY,MADISON,,$3.15,$3.15,viapath,2026-01-14,21151,,
COUNTY,KY,MEADE,,$3.15,$3.15,securus,2026-01-14,21163,,
COUNTY,KY,SCOTT,,$1.35,$1.35,securus,2026-01-14,21209,,
COUNTY,KY,WARREN,,$3.15,$3.15,securus,2026-01-14,21227,,
COUNTY,LA,EAST BATON ROUGE,,$2.25,$2.40,ics,2026-01-14,22033,,
COUNTY,LA,EAST CARROLL,,$2.40,$2.40,securus,2026-01-14,22035,,
COUNTY,LA,LAFOURCHE,,$1.05,$1.05,ics,2026-01-14,22057,,
COUNTY,LA,OUACHITA,,$2.40,$2.40,viapath,2026-01-14,22073,,
COUNTY,LA,ST TAMMANY,,$2.55,$3.15,amtel,2026-01-14,22103,,
COUNTY,MA,BARNSTABLE,,$0.00,$0.00,securus,2026-01-14,25001,,
COUNTY,MA,BERKSHIRE,,$0.00,$0.00,securus,2026-01-14,25003,,
COUNTY,MA,BRISTOL,,$0.00,$0.00,securus,2026-01-14,25005,,
COUNTY,MA,ESSEX,,$0.00,$0.00,securus,2026-01-14,25009,,
COUNTY,MA,FRANKLIN,,$0.00,$0.00,securus,2026-01-14,25011,,
COUNTY,MA,HAMPSHIRE,,$0.00,$0.00,ics,2026-01-14,25015,,
COUNTY,MA,MIDDLESEX,,$0.00,$0.00,securus,2026-01-14,25017,,
COUNTY,MA,NORFOLK,,$0.00,$0.00,securus,2026-01-14,25021,,
COUNTY,MA,PLYMOUTH,,$0.00,$0.00,securus,2026-01-14,25023,,
COUNTY,MA,SUFFOLK,,$0.00,$0.00,securus,2026-01-14,25025,,
COUNTY,MA,WORCESTER,,$0.00,$0.00,securus,2026-01-14,25027,,
COUNTY,MD,ANNE ARUNDEL,,$1.05,$2.40,ics,2026-01-14,24003,,
COUNTY,MD,BALTIMORE,,$0.90,$0.90,ics,2026-01-14,24005,,
COUNTY,MD,CALVERT,,$3.15,$3.15,paytel,2026-01-14,24009,,
COUNTY,MD,CAROLINE,,$3.15,$3.15,viapath,2026-01-14,24011,,
COUNTY,MD,CARROLL,,$2.40,$2.40,paytel,2026-01-14,24013,,
COUNTY,MD,CECIL,,$1.35,$1.35,ics,2026-01-14,24015,,
COUNTY,MD,CHARLES,,$0.52,$0.52,viapath,2026-01-14,24017,,
COUNTY,MD,DORCHESTER,,$3.15,$3.15,securus,2026-01-14,24019,,
COUNTY,MD,FREDERICK,,$2.10,$2.10,paytel,2026-01-14,24021,,
COUNTY,MD,GARRETT,,$3.15,$3.15,paytel,2026-01-14,24023,,
COUNTY,MD,HARFORD,,$1.35,$1.35,ics,2026-01-14,24025,,
COUNTY,MD,HOWARD,,$2.10,$2.10,paytel,2026-01-14,24027,,
COUNTY,MD,KENT,,$2.40,$2.40,paytel,2026-01-14,24029,,
COUNTY,MD,MONTGOMERY,,$0.75,$0.75,ics,2026-01-14,24031,,
COUNTY,MD,QUEEN ANNE'S,,$1.95,$3.15,securus,2026-01-14,24035,,
COUNTY,MD,TALBOT,,$2.10,$2.10,paytel,2026-01-14,24041,,
COUNTY,MD,WASHINGTON,,$1.80,$1.80,viapath,2026-01-14,24043,,
COUNTY,MD,WICOMICO,,$1.35,$1.35,viapath,2026-01-14,24045,,
COUNTY,MD,WORCESTER,,$3.15,$3.15,securus,2026-01-14,24047,,
COUNTY,ME,ANDROSCOGGIN,,$1.35,$1.35,securus,2026-01-14,23001,,
COUNTY,ME,AROOSTOOK,,$3.15,$3.15,securus,2026-01-14,23003,,
COUNTY,ME,CUMBERLAND,,$3.15,$3.15,securus,2026-01-14,23005,,
COUNTY,ME,HANCOCK,,$3.15,$3.15,securus,2026-01-14,23009,,
COUNTY,ME,KENNEBEC,,$3.15,$3.15,securus,2026-01-14,23011,,
COUNTY,ME,KNOX,,$3.15,$3.15,securus,2026-01-14,23013,,
COUNTY,ME,OXFORD,,$1.80,$1.80,securus,2026-01-14,23017,,
COUNTY,ME,PENOBSCOT,,$3.15,$3.15,securus,2026-01-14,23019,,
COUNTY,ME,PISCATAQUIS,,$3.15,$3.15,securus,2026-01-14,23021,,
COUNTY,ME,SOMERSET,,$3.15,$3.15,securus,2026-01-14,23025,,
COUNTY,ME,WALDO,,$3.15,$3.15,securus,2026-01-14,23027,,
COUNTY,ME,WASHINGTON,,$3.15,$3.15,securus,2026-01-14,23029,,
COUNTY,ME,YORK,,$3.15,$3.15,securus,2026-01-14,23031,,
COUNTY,MI,ALGER,,$3.15,$3.15,securus,2026-01-14,26003,,
COUNTY,MI,BAY,,$1.35,$1.35,securus,2026-01-14,26017,,
COUNTY,MI,BERRIEN,,$3.15,$3.15,viapath,2026-01-14,26021,,
COUNTY,MI,BRANCH,,$3.15,$3.15,securus,2026-01-14,26023,,
COUNTY,MI,CALHOUN,,$3.15,$3.15,ics,2026-01-14,26025,,
COUNTY,MI,CASS,,$3.15,$3.15,ics,2026-01-14,26027,,
COUNTY,MI,CHIPPEWA,,$3.15,$3.15,securus,2026-01-14,26033,,
COUNTY,MI,DELTA,,$3.15,$3.15,securus,2026-01-14,26041,,
COUNTY,MI,DICKINSON,,$3.15,$3.15,securus,2026-01-14,26043,,
COUNTY,MI,GENESEE,,$1.80,$1.80,viapath,2026-01-14,26049,,
COUNTY,MI,GOGEBIC,,$3.15,$3.15,securus,2026-01-14,26053,,
COUNTY,MI,GRATIOT,,$1.80,$1.80,securus,2026-01-14,26057,,
COUNTY,MI,HURON,,$1.80,$1.80,ics,2026-01-14,26063,,
COUNTY,MI,IRON,,$3.15,$3.15,securus,2026-01-14,26071,,
COUNTY,MI,KALAMAZOO,,$1.05,$1.05,viapath,2026-01-14,26077,,
COUNTY,MI,KALKASKA,,$1.80,$1.80,ics,2026-01-14,26079,,
COUNTY,MI,KENT,,$1.05,$1.05,smart_communications,2026-01-14,26081,,
COUNTY,MI,LENAWEE,,$3.15,$3.15,viapath,2026-01-14,26091,,
COUNTY,MI,LIVINGSTON,,$3.15,$3.15,ics,2026-01-14,26093,,
COUNTY,MI,MACOMB,,$3.00,$3.00,ics,2026-01-14,26099,,
COUNTY,MI,MARQUETTE,,$1.80,$1.80,securus,2026-01-14,26103,,
COUNTY,MI,MASON,,$3.15,$3.15,ics,2026-01-14,26105,,
COUNTY,MI,MECOSTA,,$3.15,$3.15,ics,2026-01-14,26107,,
COUNTY,MI,MIDLAND,,$1.35,$1.35,securus,2026-01-14,26111,,
COUNTY,MI,MONROE,,$3.15,$3.15,ics,2026-01-14,26115,,
COUNTY,MI,MONTCALM,,$3.15,$3.15,ics,2026-01-14,26117,,
COUNTY,MI,MUSKEGON,,$3.15,$3.15,securus,2026-01-14,26121,,
COUNTY,MI,OCEANA,,$1.80,$1.80,securus,2026-01-14,26127,,
COUNTY,MI,OSCEOLA,,$3.15,$3.15,ics,2026-01-14,26133,,
COUNTY,MI,OTSEGO,,$1.80,$1.80,securus,2026-01-14,26137,,
COUNTY,MI,ST CLAIR,,$1.05,$1.05,securus,2026-01-14,26147,,
COUNTY,MI,ST JOSEPH,,$3.15,$3.00,securus,2026-01-14,26149,,
COUNTY,MI,TUSCOLA,,$3.15,$3.15,ics,2026-01-14,26157,,
COUNTY,MI,WASHTENAW,,$3.15,$3.15,securus,2026-01-14,26161,,
COUNTY,MI,WAYNE,,$1.35,$1.35,viapath,2026-01-14,26163,,
COUNTY,MN,AITKIN,,$3.75,$3.15,reliance,2026-01-14,27001,,
COUNTY,MN,ANOKA,,$3.15,$3.15,ics,2026-01-14,27003,,
COUNTY,MN,BECKER,,$3.75,$3.15,reliance,2026-01-14,27005,,
COUNTY,MN,BELTRAMI,,$3.75,$3.15,reliance,2026-01-14,27007,,
COUNTY,MN,BLUE EARTH,,$3.75,$3.15,reliance,2026-01-14,27013,,
COUNTY,MN,BROWN,,$3.75,$3.15,reliance,2026-01-14,27015,,
COUNTY,MN,CARLTON,,$3.75,$3.15,reliance,2026-01-14,27017,,
COUNTY,MN,CARVER,,$3.15,$3.15,securus,2026-01-14,27019,,
COUNTY,MN,CHIPPEWA,,$3.75,$3.15,reliance,2026-01-14,27023,,
COUNTY,MN,CHISAGO,,$3.75,$3.15,reliance,2026-01-14,27025,,
COUNTY,MN,CLAY,,$3.75,$3.15,reliance,2026-01-14,27027,,
COUNTY,MN,CLEARWATER,,$3.75,$3.15,reliance,2026-01-14,27029,,
COUNTY,MN,COOK,,$3.75,$3.15,reliance,2026-01-14,27031,,
COUNTY,MN,COTTONWOOD,,$3.75,$3.15,reliance,2026-01-14,27033,,
COUNTY,MN,DAKOTA,,$2.70,$2.70,securus,2026-01-14,27037,,
COUNTY,MN,DOUGLAS,,$3.75,$3.15,reliance,2026-01-14,27041,,
COUNTY,MN,FARIBAULT,,$3.75,$3.15,reliance,2026-01-14,27043,,
COUNTY,MN,FILLMORE,,$3.75,$3.15,reliance,2026-01-14,27045,,
COUNTY,MN,FREEBORN,,$3.75,$3.15,reliance,2026-01-14,27047,,
COUNTY,MN,GOODHUE,,$2.40,$2.40,securus,2026-01-14,27049,,
COUNTY,MN,HENNEPIN,,$0.00,$0.00,securus,2026-01-14,27053,,
COUNTY,MN,HUBBARD,,$3.75,$3.15,reliance,2026-01-14,27057,,
COUNTY,MN,ISANTI,,$3.75,$3.15,reliance,2026-01-14,27059,,
COUNTY,MN,ITASCA,,$3.75,$3.15,reliance,2026-01-14,27061,,
COUNTY,MN,KANABEC,,$1.80,$1.80,reliance,2026-01-14,27065,,
COUNTY,MN,KANDIYOHI,,$3.15,$3.15,securus,2026-01-14,27067,,
COUNTY,MN,KITTSON,,$3.75,$3.15,reliance,2026-01-14,27069,,
COUNTY,MN,LAC QUI PARLE,,$3.75,$3.15,reliance,2026-01-14,27073,,
COUNTY,MN,LAKE,,$3.75,$3.15,reliance,2026-01-14,27075,,
COUNTY,MN,LAKE OF THE WOODS,,$3.75,$3.15,reliance,2026-01-14,27077,,
COUNTY,MN,LE SUEUR,,$3.75,$3.15,reliance,2026-01-14,27079,,
COUNTY,MN,LYON,,$3.75,$3.15,reliance,2026-01-14,27083,,
COUNTY,MN,MARSHALL,,$3.75,$3.15,reliance,2026-01-14,27089,,
COUNTY,MN,MARTIN,,$3.75,$3.15,reliance,2026-01-14,27091,,
COUNTY,MN,MEEKER,,$3.75,$3.15,reliance,2026-01-14,27093,,
COUNTY,MN,MILLE LACS,,$3.15,$3.15,securus,2026-01-14,27095,,
COUNTY,MN,MORRISON,,$3.75,$3.15,reliance,2026-01-14,27097,,
COUNTY,MN,MOWER,,$3.75,$3.15,reliance,2026-01-14,27099,,
COUNTY,MN,NICOLLET,,$3.75,$3.15,reliance,2026-01-14,27103,,
COUNTY,MN,NOBLES,,$3.75,$3.15,reliance,2026-01-14,27105,,
COUNTY,MN,OLMSTED,,$2.85,$2.85,ics,2026-01-14,27109,,
COUNTY,MN,OTTER TAIL,,$3.75,$3.15,reliance,2026-01-14,27111,,
COUNTY,MN,PENNINGTON,,$3.75,$3.15,reliance,2026-01-14,27113,,
COUNTY,MN,PINE,,$3.75,$3.15,reliance,2026-01-14,27115,,
COUNTY,MN,PIPESTONE,,$3.75,$3.15,reliance,2026-01-14,27117,,
COUNTY,MN,RAMSEY,,$1.05,$1.05,securus,2026-01-14,27123,,
COUNTY,MN,REDWOOD,,$3.75,$3.15,reliance,2026-01-14,27127,,
COUNTY,MN,RENVILLE,,$3.75,$3.15,reliance,2026-01-14,27129,,
COUNTY,MN,ROSEAU,,$3.75,$3.15,reliance,2026-01-14,27135,,
COUNTY,MN,SCOTT,,$3.15,$3.15,ics,2026-01-14,27139,,
COUNTY,MN,SWIFT,,$3.75,$3.15,reliance,2026-01-14,27151,,
COUNTY,MN,TRAVERSE,,$3.75,$3.15,reliance,2026-01-14,27155,,
COUNTY,MN,WABASHA,,$3.75,$3.15,reliance,2026-01-14,27157,,
COUNTY,MN,WADENA,,$3.75,$3.15,reliance,2026-01-14,27159,,
COUNTY,MN,WASECA,,$3.75,$3.15,reliance,2026-01-14,27161,,
COUNTY,MN,WASHINGTON,,$3.15,$3.15,securus,2026-01-14,27163,,
COUNTY,MN,WATONWAN,,$3.75,$3.15,reliance,2026-01-14,27165,,
COUNTY,MN,WILKIN,,$3.75,$3.15,reliance,2026-01-14,27167,,
COUNTY,MN,WINONA,,$3.75,$3.15,reliance,2026-01-14,27169,,
COUNTY,MN,WRIGHT,,$3.75,$3.15,reliance,2026-01-14,27171,,
COUNTY,MN,YELLOW MEDICINE,,$3.75,$3.15,reliance,2026-01-14,27173,,
COUNTY,MO,BOONE,,$1.35,$1.35,ics,2026-01-14,29019,,
COUNTY,MO,BUCHANAN,,$1.80,$1.80,securus,2026-01-14,29021,,
COUNTY,MO,BUTLER,,$1.80,$1.80,ics,2026-01-14,29023,,
COUNTY,MO,CAMDEN,,$1.80,$1.80,ics,2026-01-14,29029,,
COUNTY,MO,CAPE GIRARDEAU,,$1.80,$1.80,securus,2026-01-14,29031,,
COUNTY,MO,FRANKLIN,,$1.80,$1.80,paytel,2026-01-14,29071,,
COUNTY,MO,GREENE,,$1.05,$1.05,ics,2026-01-14,29077,,
COUNTY,MO,HOLT,,$3.75,$3.15,reliance,2026-01-14,29087,,
COUNTY,MO,MARION,,$1.80,$1.80,ics,2026-01-14,29127,,
COUNTY,MO,MILLER,,$1.80,$1.80,ics,2026-01-14,29131,,
COUNTY,MO,PLATTE,,$1.35,$1.35,ics,2026-01-14,29165,,
COUNTY,MO,ST. LOUIS,,$0.75,$0.75,securus,2026-01-14,29189,,
COUNTY,MS,CHOCTAW,,$1.80,$1.80,ics,2026-01-14,28019,,
COUNTY,MS,CLAY,,$1.80,$1.80,ics,2026-01-14,28025,,
COUNTY,MS,HINDS,,$0.30,$0.30,viapath,2026-01-14,28049,,
COUNTY,MS,HUMPHREYS,,$1.80,$1.80,ics,2026-01-14,28053,,
COUNTY,MS,MADISON,,$3.15,$3.15,securus,2026-01-14,28089,,
COUNTY,MS,MARSHALL,,$2.70,$2.70,ics,2026-01-14,28093,,
COUNTY,MS,RANKIN,,$3.15,$3.15,viapath,2026-01-14,28121,,
COUNTY,MS,STONE,,$1.65,$1.65,viapath,2026-01-14,28131,,
COUNTY,MS,SUNFLOWER,,$1.80,$1.80,ics,2026-01-14,28133,,
COUNTY,MS,WILKINSON,,$3.15,$3.15,viapath,2026-01-14,28157,,
COUNTY,MT,BEAVERHEAD,,$3.15,$3.15,reliance,2026-01-14,30001,,
COUNTY,MT,BIG HORN,,$3.15,$3.15,paytel,2026-01-14,30003,,
COUNTY,MT,CASCADE,,$3.15,$3.15,securus,2026-01-14,30013,,
COUNTY,MT,CUSTER,,$3.15,$3.15,reliance,2026-01-14,30017,,
COUNTY,MT,DAWSON,,$0.90,$0.90,ics,2026-01-14,30021,,
COUNTY,MT,DEER LODGE,,$3.15,$3.15,reliance,2026-01-14,30023,,
COUNTY,MT,GRANITE,,$3.15,$3.15,reliance,2026-01-14,30039,,
COUNTY,MT,HILL,,$1.80,$1.80,securus,2026-01-14,30041,,
COUNTY,MT,LINCOLN,,$3.15,$3.15,securus,2026-01-14,30053,,
COUNTY,MT,POWELL,,$3.15,$3.15,reliance,2026-01-14,30077,,
COUNTY,MT,RICHLAND,,$3.15,$3.15,reliance,2026-01-14,30083,,
COUNTY,NC,ALAMANCE,,$1.05,$1.05,paytel,2026-01-14,37001,,
COUNTY,NC,ALEXANDER,,$3.15,$3.15,paytel,2026-01-14,37003,,
COUNTY,NC,ALLEGHANY,,$3.15,$3.15,paytel,2026-01-14,37005,,
COUNTY,NC,ANSON,,$3.15,$3.15,paytel,2026-01-14,37007,,
COUNTY,NC,ASHE,,$3.15,$3.15,paytel,2026-01-14,37009,,
COUNTY,NC,AVERY,,$1.80,$1.80,securus,2026-01-14,37011,,
COUNTY,NC,BEAUFORT,,$3.15,$3.15,paytel,2026-01-14,37013,,
COUNTY,NC,BERTIE,,$3.15,$3.15,paytel,2026-01-14,37015,,
COUNTY,NC,BLADEN,,$3.15,$3.15,paytel,2026-01-14,37017,,
COUNTY,NC,BRUNSWICK,,$3.15,$3.15,securus,2026-01-14,37019,,
COUNTY,NC,BUNCOMBE,,$1.50,$1.50,paytel,2026-01-14,37021,,
COUNTY,NC,BURKE,,$3.15,$3.15,paytel,2026-01-14,37023,,
COUNTY,NC,CALDWELL,,$1.35,$1.35,ics,2026-01-14,37027,,
COUNTY,NC,CARTERET,,$3.15,$3.15,paytel,2026-01-14,37031,,
COUNTY,NC,CASWELL,,$3.15,$3.15,paytel,2026-01-14,37033,,
COUNTY,NC,CATAWBA,,$3.15,$3.15,paytel,2026-01-14,37035,,
COUNTY,NC,CHATHAM,,$1.80,$1.80,paytel,2026-01-14,37037,,
COUNTY,NC,CHEROKEE,,$3.15,$3.15,ics,2026-01-14,37039,,
COUNTY,NC,CLEVELAND,,$3.00,$3.00,securus,2026-01-14,37045,,
COUNTY,NC,CRAVEN,,$3.15,$3.15,securus,2026-01-14,37049,,
COUNTY,NC,CUMBERLAND,,$2.25,$2.25,viapath,2026-01-14,37051,,
COUNTY,NC,CURRITUCK,,$3.15,$3.15,paytel,2026-01-14,37053,,
COUNTY,NC,DARE,,$3.15,$3.15,securus,2026-01-14,37055,,
COUNTY,NC,DAVIDSON,,$3.15,$3.15,paytel,2026-01-14,37057,,
COUNTY,NC,DAVIE,,$3.15,$3.15,paytel,2026-01-14,37059,,
COUNTY,NC,DUPLIN,,$3.15,$3.15,paytel,2026-01-14,37061,,
COUNTY,NC,DURHAM,,$1.05,$1.05,viapath,2026-01-14,37063,,
COUNTY,NC,FORSYTH,,$3.15,$3.15,paytel,2026-01-14,37067,,
COUNTY,NC,FRANKLIN,,$1.50,$1.50,paytel,2026-01-14,37069,,
COUNTY,NC,GASTON,,,$3.15,ics,2026-01-14,37071,,
COUNTY,NC,GRANVILLE,,$1.35,$1.35,paytel,2026-01-14,37077,,
COUNTY,NC,GREENE,,$3.15,$3.15,paytel,2026-01-14,37079,,
COUNTY,NC,GUILFORD,,$1.80,$1.80,paytel,2026-01-14,37081,,
COUNTY,NC,HALIFAX,,$3.15,$3.15,paytel,2026-01-14,37083,,
COUNTY,NC,HARNETT,,$3.15,$3.15,paytel,2026-01-14,37085,,
COUNTY,NC,HERTFORD,,$3.15,$3.15,paytel,2026-01-14,37091,,
COUNTY,NC,HOKE,,$3.15,$3.15,securus,2026-01-14,37093,,
COUNTY,NC,JOHNSTON,,$2.25,$2.25,securus,2026-01-14,37101,,
COUNTY,NC,JONES,,$3.15,$3.15,paytel,2026-01-14,37103,,
COUNTY,NC,LEE,,$1.50,$1.50,paytel,2026-01-14,37105,,
COUNTY,NC,LENOIR,,$3.15,$3.15,paytel,2026-01-14,37107,,
COUNTY,NC,LINCOLN,,$3.15,$3.15,paytel,2026-01-14,37109,,
COUNTY,NC,MARTIN,,$3.15,$3.15,paytel,2026-01-14,37117,,
COUNTY,NC,MECKLENBURG,,$0.68,$0.68,viapath,2026-01-14,37119,,
COUNTY,NC,MOORE,,$3.90,$3.15,amtel,2026-01-14,37125,,
COUNTY,NC,NASH,,$3.15,$3.15,paytel,2026-01-14,37127,,
COUNTY,NC,NEW HANOVER,,$1.05,$1.05,securus,2026-01-14,37129,,
COUNTY,NC,NORTHAMPTON,,$3.15,$3.15,paytel,2026-01-14,37131,,
COUNTY,NC,ONSLOW,,$3.15,$3.15,securus,2026-01-14,37133,,
COUNTY,NC,ORANGE,,$3.15,$3.15,paytel,2026-01-14,37135,,
COUNTY,NC,PAMLICO,,$3.15,$3.15,securus,2026-01-14,37137,,
COUNTY,NC,PASQUOTANK,,$1.50,$1.50,viapath,2026-01-14,37139,,
COUNTY,NC,PENDER,,$1.80,$1.80,securus,2026-01-14,37141,,
COUNTY,NC,PITT,,$1.05,$1.05,paytel,2026-01-14,37147,,
COUNTY,NC,POLK,,$3.15,$3.15,paytel,2026-01-14,37149,,
COUNTY,NC,RANDOLPH,,$1.35,$1.35,paytel,2026-01-14,37151,,
COUNTY,NC,RICHMOND,,$3.15,$3.15,paytel,2026-01-14,37153,,
COUNTY,NC,ROBESON,,$3.15,$3.15,paytel,2026-01-14,37155,,
COUNTY,NC,ROCKINGHAM,,$3.15,$3.15,paytel,2026-01-14,37157,,
COUNTY,NC,ROWAN,,$1.35,$1.35,paytel,2026-01-14,37159,,
COUNTY,NC,RUTHERFORD,,$3.15,$3.15,securus,2026-01-14,37161,,
COUNTY,NC,SAMPSON,,$3.15,$3.15,paytel,2026-01-14,37163,,
COUNTY,NC,SCOTLAND,,$3.15,$3.15,paytel,2026-01-14,37165,,
COUNTY,NC,STANLEY,,$1.80,$1.80,securus,2026-01-14,37167,,
COUNTY,NC,STOKES,,$3.15,$3.15,paytel,2026-01-14,37169,,
COUNTY,NC,SURRY,,$3.15,$3.15,paytel,2026-01-14,37171,,
COUNTY,NC,UNION,,$1.35,$1.35,ics,2026-01-14,37179,,
COUNTY,NC,VANCE,,$3.15,$3.15,paytel,2026-01-14,37181,,
COUNTY,NC,WAKE,,$0.90,$0.90,ics,2026-01-14,37183,,
COUNTY,NC,WARREN,,$2.55,$2.55,ics,2026-01-14,37185,,
COUNTY,NC,WASHINGTON,,$3.15,$3.15,paytel,2026-01-14,37187,,
COUNTY,NC,WAYNE,,$3.15,$3.15,paytel,2026-01-14,37191,,
COUNTY,NC,WILKES,,$3.15,$3.15,paytel,2026-01-14,37193,,
COUNTY,NC,WILSON,,$3.15,$3.15,paytel,2026-01-14,37195,,
COUNTY,NC,YADKIN,,$3.15,$3.15,paytel,2026-01-14,37197,,
COUNTY,ND,BARNES,,$3.75,$3.15,reliance,2026-01-14,38003,,
COUNTY,ND,BOTTINEAU,,$3.75,$3.15,reliance,2026-01-14,38009,,
COUNTY,ND,BURLEIGH,,$3.75,$3.15,reliance,2026-01-14,38015,,
COUNTY,ND,CASS,,$0.75,$0.75,ics,2026-01-14,38017,,
COUNTY,ND,MCKENZIE,,$3.75,$3.15,reliance,2026-01-14,38053,,
COUNTY,ND,MERCER,,$3.75,$3.15,reliance,2026-01-14,38057,,
COUNTY,ND,MOUNTRAIL,,$3.75,$3.15,reliance,2026-01-14,38061,,
COUNTY,ND,PEMBINA,,$3.75,$3.15,reliance,2026-01-14,38067,,
COUNTY,ND,ROLETTE,,$3.75,$3.15,reliance,2026-01-14,38079,,
COUNTY,ND,WALSH,,$3.75,$3.15,reliance,2026-01-14,38099,,
COUNTY,ND,WARD,,$3.75,$3.15,reliance,2026-01-14,38101,,
COUNTY,NE,DOUGLAS,,$1.80,$1.80,viapath,2026-01-14,31055,,
COUNTY,NE,FRONTIER,,$3.75,$3.15,reliance,2026-01-14,31063,,
COUNTY,NE,GARDEN,,$3.75,$3.15,reliance,2026-01-14,31069,,
COUNTY,NE,KIMBALL,,$3.75,$3.15,reliance,2026-01-14,31105,,
COUNTY,NE,LANCASTER,,$1.05,$1.05,ics,2026-01-14,31109,,
COUNTY,NE,RED WILLOW,,$3.75,$3.15,reliance,2026-01-14,31145,,
COUNTY,NE,SARPY,,$3.15,$3.15,securus,2026-01-14,31153,,
COUNTY,NE,SAUNDERS,,$3.15,$3.15,securus,2026-01-14,31155,,
COUNTY,NH,BELKNAP,,$3.15,$3.15,securus,2026-01-14,33001,,
COUNTY,NH,CARROLL,,$3.15,$3.15,securus,2026-01-14,33003,,
COUNTY,NH,CHESHIRE,,$3.15,$3.15,securus,2026-01-14,33005,,
COUNTY,NH,COOS,,$3.15,$3.15,securus,2026-01-14,33007,,
COUNTY,NH,GRAFTON,,$3.15,$3.15,ics,2026-01-14,33009,,
COUNTY,NH,HILLSBOROUGH,,$3.00,$3.00,ics,2026-01-14,33011,,
COUNTY,NH,MERRIMACK,,$3.15,$3.15,securus,2026-01-14,33013,,
COUNTY,NH,ROCKINGHAM,,$3.15,$3.15,securus,2026-01-14,33015,,
COUNTY,NH,STRAFFORD,,$3.15,$3.15,viapath,2026-01-14,33017,,
COUNTY,NH,SULLIVAN,,$3.15,$3.15,securus,2026-01-14,33019,,
COUNTY,NJ,ATLANTIC,,$0.51,$0.51,viapath,2026-01-14,34001,,
COUNTY,NJ,BERGEN,,$0.76,$0.76,viapath,2026-01-14,34003,,
COUNTY,NJ,BURLINGTON,,$0.76,$0.76,viapath,2026-01-14,34005,,
COUNTY,NJ,CAMDEN,,$0.76,$0.76,viapath,2026-01-14,34007,,
COUNTY,NJ,CAPE MAY,,$0.76,$0.76,viapath,2026-01-14,34009,,
COUNTY,NJ,CUMBERLAND,,$0.51,$0.51,viapath,2026-01-14,34011,,
COUNTY,NJ,ESSEX,,$0.76,$0.76,viapath,2026-01-14,34013,,
COUNTY,NJ,HUDSON,,$0.76,$0.76,viapath,2026-01-14,34017,,
COUNTY,NJ,MERCER,,$0.76,$0.76,viapath,2026-01-14,34021,,
COUNTY,NJ,MIDDLESEX,,$0.76,$0.76,viapath,2026-01-14,34023,,
COUNTY,NJ,MONMOUTH,,$0.51,$0.51,viapath,2026-01-14,34025,,
COUNTY,NJ,MORRIS,,$0.51,$0.51,viapath,2026-01-14,34027,,
COUNTY,NJ,OCEAN,,$0.51,$0.51,viapath,2026-01-14,34029,,
COUNTY,NJ,PASSAIC,,$0.51,$0.51,viapath,2026-01-14,34031,,
COUNTY,NJ,SALEM,,$0.76,$0.76,viapath,2026-01-14,34033,,
COUNTY,NJ,SOMERSET,,$0.51,$0.51,viapath,2026-01-14,34035,,
COUNTY,NJ,SUSSEX,,$0.76,$0.76,viapath,2026-01-14,34037,,
COUNTY,NJ,WARREN,,$0.51,$0.51,viapath,2026-01-14,34041,,
COUNTY,NM,BERNALILLO,,$0.68,$0.68,viapath,2026-01-14,35001,,
COUNTY,NM,CHAVES,,$2.25,$2.25,securus,2026-01-14,35005,,
COUNTY,NM,CURRY,,$2.10,$2.10,ics,2026-01-14,35009,,
COUNTY,NM,DONA ANA,,$1.05,$1.05,viapath,2026-01-14,35013,,
COUNTY,NM,EDDY,,$1.95,$1.95,securus,2026-01-14,35015,,
COUNTY,NM,GRANT,,$2.25,$2.25,ics,2026-01-14,35017,,
COUNTY,NM,HIDALGO,,$2.25,$2.25,securus,2026-01-14,35023,,
COUNTY,NM,LEA,,$2.10,$2.10,viapath,2026-01-14,35025,,
COUNTY,NM,LOS ALAMOS,,$1.80,$1.80,securus,2026-01-14,35028,,
COUNTY,NM,MCKINLEY,,$2.25,$2.25,paytel,2026-01-14,35031,,
COUNTY,NM,RIO ARRIBA,,$2.25,$2.25,securus,2026-01-14,35039,,
COUNTY,NM,ROOSEVELT,,$2.25,$2.25,securus,2026-01-14,35041,,
COUNTY,NM,SAN JUAN,,$1.50,$1.50,viapath,2026-01-14,35045,,
COUNTY,NM,SANDOVAL,,$2.10,$2.10,securus,2026-01-14,35043,,
COUNTY,NM,SANTA FE,,$2.10,$2.10,ics,2026-01-14,35049,,
COUNTY,NM,VALENCIA,,,$1.95,ics,2026-01-14,35061,,
COUNTY,NV,CHURCHILL,,$3.15,$3.15,securus,2026-01-14,32001,,
COUNTY,NV,CLARK,,$1.05,$1.05,securus,2026-01-14,32003,,
COUNTY,NV,HUMBOLDT,,$3.15,$3.15,securus,2026-01-14,32013,,
COUNTY,NV,WHITE PINE,,$3.15,$3.15,securus,2026-01-14,32033,,
COUNTY,NY,ALBANY,,$3.00,$3.15,securus,2026-01-14,36001,,
COUNTY,NY,ALLEGANY,,$2.25,$2.25,viapath,2026-01-14,36003,,
COUNTY,NY,BRONX,,$0.00,$0.00,securus,2026-01-14,36005,,
COUNTY,NY,BROOME,,$1.35,$1.35,viapath,2026-01-14,36007,,
COUNTY,NY,CATTARAUGUS,,$2.25,$2.25,securus,2026-01-14,36009,,
COUNTY,NY,CAYUGA,,$3.00,$3.00,viapath,2026-01-14,36011,,
COUNTY,NY,CHAUTAUQUA,,$2.25,$2.25,viapath,2026-01-14,36013,,
COUNTY,NY,CHEMUNG,,$2.25,$2.25,viapath,2026-01-14,36015,,
COUNTY,NY,CHENANGO,,$3.00,$3.00,viapath,2026-01-14,36017,,
COUNTY,NY,CLINTON,,$3.00,$3.00,viapath,2026-01-14,36019,,
COUNTY,NY,COLUMBIA,,$2.25,$2.25,viapath,2026-01-14,36021,,
COUNTY,NY,CORTLAND,,$1.80,$1.80,viapath,2026-01-14,36023,,
COUNTY,NY,DELAWARE,,$3.00,$3.00,viapath,2026-01-14,36025,,
COUNTY,NY,DUTCHESS,,$2.25,$2.25,viapath,2026-01-14,36027,,
COUNTY,NY,ERIE,,$2.25,$3.15,ics,2026-01-14,36029,,
COUNTY,NY,ESSEX,,$3.00,$3.00,viapath,2026-01-14,36031,,
COUNTY,NY,FRANKLIN,,$3.15,$3.15,securus,2026-01-14,36033,,
COUNTY,NY,FULTON,,$2.25,$2.25,securus,2026-01-14,36035,,
COUNTY,NY,GENESEE,,$9.95,$3.15,viapath,2026-01-14,36037,,
COUNTY,NY,GREENE,,$3.00,$3.00,viapath,2026-01-14,36039,,
COUNTY,NY,HERKIMER,,$2.25,$2.25,viapath,2026-01-14,36043,,
COUNTY,NY,LEWIS,,$3.00,$3.00,viapath,2026-01-14,36049,,
COUNTY,NY,LIVINGSTON,,$2.25,$2.25,viapath,2026-01-14,36051,,
COUNTY,NY,MADISON,,$3.15,$3.15,viapath,2026-01-14,36053,,
COUNTY,NY,MONROE,,$1.05,$1.05,securus,2026-01-14,36055,,
COUNTY,NY,MONTGOMERY,,$1.35,$1.35,viapath,2026-01-14,36057,,
COUNTY,NY,NASSAU,,$1.05,$1.05,viapath,2026-01-14,36059,,
COUNTY,NY,NEW YORK,,$0.00,$0.00,securus,2026-01-14,36061,,
COUNTY,NY,NIAGARA,,$2.25,$2.25,securus,2026-01-14,36063,,
COUNTY,NY,ONEIDA,,$1.35,$1.35,viapath,2026-01-14,36065,,
COUNTY,NY,ONONDAGA,,$1.05,$1.05,ics,2026-01-14,36067,,
COUNTY,NY,ONTARIO,,$3.15,$3.15,securus,2026-01-14,36069,,
COUNTY,NY,ORANGE,,$2.25,$2.25,viapath,2026-01-14,36071,,
COUNTY,NY,ORLEANS,,$3.15,$3.15,ics,2026-01-14,36073,,
COUNTY,NY,OSWEGO,,$3.00,$3.00,viapath,2026-01-14,36075,,
COUNTY,NY,OTSEGO,,$1.80,$1.80,viapath,2026-01-14,36077,,
COUNTY,NY,PUTNAM,,$3.00,$3.00,viapath,2026-01-14,36079,,
COUNTY,NY,QUEENS,,$0.00,$0.00,securus,2026-01-14,36081,,
COUNTY,NY,RENSSELAER,,$2.25,$2.25,viapath,2026-01-14,36083,,
COUNTY,NY,RICHMOND,,$0.00,$0.00,securus,2026-01-14,36085,,
COUNTY,NY,ROCKLAND,,$3.15,$3.15,securus,2026-01-14,36087,,
COUNTY,NY,SARATOGA,,$3.00,$3.00,viapath,2026-01-14,36091,,
COUNTY,NY,SCHENECTADY,,$3.00,$3.00,viapath,2026-01-14,36093,,
COUNTY,NY,SCHOHARIE,,$3.00,$3.00,viapath,2026-01-14,36095,,
COUNTY,NY,SCHUYLER,,$1.80,$1.80,viapath,2026-01-14,36097,,
COUNTY,NY,SENECA,,$3.00,$3.00,viapath,2026-01-14,36099,,
COUNTY,NY,ST. LAWRENCE,,$1.35,$1.35,viapath,2026-01-14,36089,,
COUNTY,NY,STEUBEN,,$2.25,$2.25,viapath,2026-01-14,36101,,
COUNTY,NY,SUFFOLK,,$1.05,$1.05,securus,2026-01-14,36103,,
COUNTY,NY,SULLIVAN,,$3.15,$3.15,securus,2026-01-14,36105,,
COUNTY,NY,TIOGA,,$3.15,$3.15,viapath,2026-01-14,36107,,
COUNTY,NY,TOMPKINS,,$2.25,$2.25,securus,2026-01-14,36109,,
COUNTY,NY,ULSTER,,$0.00,$0.00,securus,2026-01-14,36111,,
COUNTY,NY,WARREN,,$1.80,$1.80,viapath,2026-01-14,36113,,
COUNTY,NY,WASHINGTON,,$3.00,$3.00,viapath,2026-01-14,36115,,
COUNTY,NY,WAYNE,,$2.25,$2.25,viapath,2026-01-14,36117,,
COUNTY,NY,WESTCHESTER,,$1.50,$1.50,viapath,2026-01-14,36119,,
COUNTY,NY,WYOMING,,$2.40,$2.40,viapath,2026-01-14,36121,,
COUNTY,NY,YATES,,$3.00,$3.00,viapath,2026-01-14,36123,,
COUNTY,OH,ALLEN,,$3.15,$3.15,securus,2026-01-14,39003,,
COUNTY,OH,ASHLAND,,$3.15,$3.15,ics,2026-01-14,39005,,
COUNTY,OH,BELMONT,,$1.80,$1.80,ics,2026-01-14,39013,,
COUNTY,OH,CARROLL,,$3.15,$3.15,ics,2026-01-14,39019,,
COUNTY,OH,CLARK,,$3.15,$3.15,ics,2026-01-14,39023,,
COUNTY,OH,CLINTON,,$3.15,$3.15,securus,2026-01-14,39027,,
COUNTY,OH,COSHOCTON,,$1.80,$1.80,ics,2026-01-14,39031,,
COUNTY,OH,CUYAHOGA,,$2.40,$2.40,securus,2026-01-14,39035,,
COUNTY,OH,DARKE,,$3.15,$3.15,viapath,2026-01-14,39037,,
COUNTY,OH,DELAWARE,,$3.00,$3.00,ics,2026-01-14,39041,,
COUNTY,OH,ERIE,,$3.15,$3.15,securus,2026-01-14,39043,,
COUNTY,OH,FAIRFIELD,,$3.15,$3.15,ics,2026-01-14,39045,,
COUNTY,OH,FRANKLIN,,$0.60,$0.60,viapath,2026-01-14,39049,,
COUNTY,OH,GREENE,,$3.15,$3.15,ics,2026-01-14,39057,,
COUNTY,OH,GUERNSEY,,,$3.15,securus,2026-01-14,39059,,
COUNTY,OH,HANCOCK,,$3.15,$3.15,securus,2026-01-14,39063,,
COUNTY,OH,HARRISON,,$1.80,$1.80,ics,2026-01-14,39067,,
COUNTY,OH,HIGHLAND,,$3.15,$3.15,ics,2026-01-14,39071,,
COUNTY,OH,HURON,,$1.80,$1.80,ics,2026-01-14,39077,,
COUNTY,OH,JACKSON,,$3.15,$3.15,ics,2026-01-14,39079,,
COUNTY,OH,KNOX,,$3.15,$3.15,securus,2026-01-14,39083,,
COUNTY,OH,LAKE,,$3.15,$3.15,viapath,2026-01-14,39085,,
COUNTY,OH,LAWRENCE,,$1.80,$1.80,securus,2026-01-14,39087,,
COUNTY,OH,LICKING,,$3.15,$3.15,ics,2026-01-14,39089,,
COUNTY,OH,LORAIN,,$3.15,$3.15,ics,2026-01-14,39093,,
COUNTY,OH,MEDINA,,$1.35,$1.35,securus,2026-01-14,39103,,
COUNTY,OH,MIAMI,,$3.15,$3.15,ics,2026-01-14,39109,,
COUNTY,OH,MONROE,,$3.15,$3.15,ics,2026-01-14,39111,,
COUNTY,OH,MONTGOMERY,,$3.15,$3.15,paytel,2026-01-14,39113,,
COUNTY,OH,MORROW,,$2.40,$2.40,ics,2026-01-14,39117,,
COUNTY,OH,MUSKINGUM,,$3.15,$3.15,ics,2026-01-14,39119,,
COUNTY,OH,PAULDING,,$3.15,$3.15,ics,2026-01-14,39125,,
COUNTY,OH,PICKAWAY,,$3.15,$3.15,ics,2026-01-14,39129,,
COUNTY,OH,PORTAGE,,$2.85,$2.85,ics,2026-01-14,39133,,
COUNTY,OH,PREBLE,,$3.15,$3.15,ics,2026-01-14,39135,,
COUNTY,OH,RICHLAND,,$3.15,$3.15,ics,2026-01-14,39139,,
COUNTY,OH,ROSS,,$3.15,$3.15,ics,2026-01-14,39141,,
COUNTY,OH,SCIOTO,,$3.15,$3.15,ics,2026-01-14,39145,,
COUNTY,OH,SENECA,,$1.35,$1.35,paytel,2026-01-14,39147,,
COUNTY,OH,STARK,,$3.15,$3.15,ics,2026-01-14,39151,,
COUNTY,OH,SUMMIT,,$2.70,$2.70,ics,2026-01-14,39153,,
COUNTY,OH,TRUMBULL,,$1.35,$1.35,ics,2026-01-14,39155,,
COUNTY,OH,TUSCARAWAS,,$3.15,$3.15,ics,2026-01-14,39157,,
COUNTY,OH,WARREN,,$3.15,$3.15,ics,2026-01-14,39165,,
COUNTY,OH,WASHINGTON,,$3.15,$3.15,ics,2026-01-14,39167,,
COUNTY,OH,WAYNE,,$1.35,$1.35,ics,2026-01-14,39169,,
COUNTY,OH,WYANDOT,,$3.15,$3.15,securus,2026-01-14,39175,,
COUNTY,OK,CIMARRON,,$3.75,$3.15,reliance,2026-01-14,40025,,
COUNTY,OK,GARVIN,,$3.15,$3.15,securus,2026-01-14,40049,,
COUNTY,OR,COLUMBIA,,$1.35,$1.35,securus,2026-01-14,41009,,
COUNTY,OR,JACKSON,,$1.05,$1.05,viapath,2026-01-14,41029,,
COUNTY,OR,JEFFERSON,,$1.80,$1.80,securus,2026-01-14,41031,,
COUNTY,OR,JOSEPHINE,,$1.35,$1.35,securus,2026-01-14,41033,,
COUNTY,OR,MARION,,$1.05,,ics,2026-01-14,41047,,
COUNTY,OR,MULTNOMAH,,$1.05,$1.05,securus,2026-01-14,41051,,
COUNTY,PA,ADAMS,,$3.15,$3.15,viapath,2026-01-14,42001,,
COUNTY,PA,ALLEGHENY,,$2.40,$2.40,viapath,2026-01-14,42003,,
COUNTY,PA,ARMSTRONG,,$3.15,$3.15,ics,2026-01-14,42005,,
COUNTY,PA,BEAVER,,$3.15,$3.15,viapath,2026-01-14,42007,,
COUNTY,PA,BERKS,,$2.10,$2.10,viapath,2026-01-14,42011,,
COUNTY,PA,CAMBRIA,,$4.50,$3.15,viapath,2026-01-14,42021,,
COUNTY,PA,CARBON,,$3.60,$3.15,viapath,2026-01-14,42025,,
COUNTY,PA,CENTRE,,$3.00,$3.00,viapath,2026-01-14,42027,,
COUNTY,PA,CHESTER,,$2.25,$2.25,viapath,2026-01-14,42029,,
COUNTY,PA,CLARION,,$3.15,$3.15,viapath,2026-01-14,42031,,
COUNTY,PA,CLEARFIELD,,$4.05,$3.15,viapath,2026-01-14,42033,,
COUNTY,PA,COLUMBIA,,$2.85,$2.85,ics,2026-01-14,42037,,
COUNTY,PA,CUMBERLAND,,$2.40,$2.40,viapath,2026-01-14,42041,,
COUNTY,PA,DELAWARE,,$0.90,$0.90,viapath,2026-01-14,42045,,
COUNTY,PA,ELK,,$3.15,$3.15,ics,2026-01-14,42047,,
COUNTY,PA,FAYETTE,,$3.90,$3.15,viapath,2026-01-14,42051,,
COUNTY,PA,FRANKLIN,,$3.00,$3.00,viapath,2026-01-14,42055,,
COUNTY,PA,HUNTINGDON,,$3.75,$3.15,viapath,2026-01-14,42061,,
COUNTY,PA,INDIANA,,$3.15,$3.15,viapath,2026-01-14,42063,,
COUNTY,PA,LACKAWANNA,,$3.15,$3.15,viapath,2026-01-14,42069,,
COUNTY,PA,LANCASTER,,$2.25,$2.25,securus,2026-01-14,42071,,
COUNTY,PA,LAWRENCE,,$3.15,$3.15,viapath,2026-01-14,42073,,
COUNTY,PA,LEBANON,,$3.00,$3.00,viapath,2026-01-14,42075,,
COUNTY,PA,LUZERNE,,$2.70,$2.70,viapath,2026-01-14,42079,,
COUNTY,PA,LYCOMING,,$3.15,$3.15,viapath,2026-01-14,42081,,
COUNTY,PA,MCKEAN,,$3.15,$3.15,ics,2026-01-14,42083,,
COUNTY,PA,MERCER,,$3.15,$3.15,viapath,2026-01-14,42085,,
COUNTY,PA,MONROE,,$3.15,$3.15,securus,2026-01-14,42089,,
COUNTY,PA,MONTOUR,,$2.70,$2.70,viapath,2026-01-14,42093,,
COUNTY,PA,NORTHAMPTON,,$2.40,$2.40,viapath,2026-01-14,42095,,
COUNTY,PA,NORTHUMBERLAND,,$1.35,$1.35,ics,2026-01-14,42097,,
COUNTY,PA,PERRY,,$3.15,$3.15,paytel,2026-01-14,42099,,
COUNTY,PA,SUSQUEHANNA,,$1.80,$1.80,viapath,2026-01-14,42115,,
COUNTY,PA,WARREN,,$3.15,$3.15,ics,2026-01-14,42123,,
COUNTY,PA,WASHINGTON,,$3.15,$3.15,ics,2026-01-14,42125,,
COUNTY,PA,WESTMORELAND,,$1.05,$1.05,viapath,2026-01-14,42129,,
COUNTY,PA,WYOMING,,$3.15,$3.15,securus,2026-01-14,42131,,
COUNTY,PA,YORK,,$2.40,$2.40,viapath,2026-01-14,42133,,
COUNTY,RI,BRISTOL,,$0.44,$0.44,securus,2026-01-14,44001,,
COUNTY,RI,KENT,,$0.44,$0.44,securus,2026-01-14,44003,,
COUNTY,RI,NEWPORT,,$0.44,$0.44,securus,2026-01-14,44005,,
COUNTY,RI,PROVIDENCE,,$0.44,$0.44,securus,2026-01-14,44007,,
COUNTY,RI,WASHINGTON,,$0.44,$0.44,securus,2026-01-14,44009,,
COUNTY,SC,AIKEN,,$1.80,$1.80,viapath,2026-01-14,45003,,
COUNTY,SC,ANDERSON,,$3.15,$3.15,paytel,2026-01-14,45007,,
COUNTY,SC,BAMBERG,,$3.15,$3.15,paytel,2026-01-14,45009,,
COUNTY,SC,BARNWELL,,$3.15,$3.15,paytel,2026-01-14,45011,,
COUNTY,SC,BEAUFORT,,$1.35,$1.35,ics,2026-01-14,45013,,
COUNTY,SC,DARLINGTON,,$1.35,$1.35,securus,2026-01-14,45031,,
COUNTY,SC,DILLON,,$3.15,$3.15,securus,2026-01-14,45033,,
COUNTY,SC,DORCHESTER,,$3.15,$3.15,paytel,2026-01-14,45035,,
COUNTY,SC,GEORGETOWN,,$2.70,$2.70,paytel,2026-01-14,45043,,
COUNTY,SC,GREENVILLE,,$1.95,$1.95,securus,2026-01-14,45045,,
COUNTY,SC,HAMPTON,,$2.85,$3.15,securus,2026-01-14,45049,,
COUNTY,SC,HORRY,,$1.05,$1.05,securus,2026-01-14,45051,,
COUNTY,SC,KERSHAW,,$1.35,$1.35,securus,2026-01-14,45055,,
COUNTY,SC,LEXINGTON,,$1.05,$1.05,ics,2026-01-14,45063,,
COUNTY,SC,MARION,,$3.15,$3.15,paytel,2026-01-14,45067,,
COUNTY,SC,MARLBORO,,$3.15,$3.15,paytel,2026-01-14,45069,,
COUNTY,SC,ORANGEBURG,,$1.35,$1.35,viapath,2026-01-14,45075,,
COUNTY,SC,PICKENS,,$3.00,$3.15,securus,2026-01-14,45077,,
COUNTY,SC,RICHLAND,,$1.50,$1.50,viapath,2026-01-14,45079,,
COUNTY,SC,SALUDA,,$3.15,$3.15,paytel,2026-01-14,45081,,
COUNTY,SC,SPARTANBURG,,$1.05,$1.05,securus,2026-01-14,45083,,
COUNTY,SC,SUMTER,,$3.15,$3.15,securus,2026-01-14,45085,,
COUNTY,SC,WILLIAMSBURG,,$3.15,$3.15,paytel,2026-01-14,45089,,
COUNTY,SD,BEADLE,,$3.75,$3.15,reliance,2026-01-14,46005,,
COUNTY,SD,BON HOMME,,$3.75,$3.15,reliance,2026-01-14,46009,,
COUNTY,SD,BROOKINGS,,$3.75,$3.15,reliance,2026-01-14,46011,,
COUNTY,SD,BROWN,,$3.75,$3.15,reliance,2026-01-14,46013,,
COUNTY,SD,BRULE,,$3.75,$3.15,reliance,2026-01-14,46015,,
COUNTY,SD,CHARLES MIX,,$3.75,$3.15,reliance,2026-01-14,46023,,
COUNTY,SD,CLAY,,$3.75,$3.15,reliance,2026-01-14,46027,,
COUNTY,SD,DAVISON,,$3.75,$3.15,reliance,2026-01-14,46035,,
COUNTY,SD,DAY,,$3.75,$3.15,reliance,2026-01-14,46037,,
COUNTY,SD,FALL RIVER,,$3.15,$3.15,securus,2026-01-14,46047,,
COUNTY,SD,FAULK,,$3.75,$3.15,reliance,2026-01-14,46049,,
COUNTY,SD,GRANT,,$3.75,$3.15,reliance,2026-01-14,46051,,
COUNTY,SD,HUGHES,,$3.75,$3.15,reliance,2026-01-14,46065,,
COUNTY,SD,LAKE,,$3.75,$3.15,reliance,2026-01-14,46079,,
COUNTY,SD,LAWRENCE,,$3.75,$3.15,reliance,2026-01-14,46081,,
COUNTY,SD,MEADE,,$3.75,$3.15,reliance,2026-01-14,46093,,
COUNTY,SD,PENNINGTON,,$3.15,$3.15,securus,2026-01-14,46103,,
COUNTY,SD,YANKTON,,$3.75,$3.15,reliance,2026-01-14,46135,,
COUNTY,TN,BEDFORD,,$3.15,$3.15,securus,2026-01-14,47003,,
COUNTY,TN,BRADLEY,,$3.15,$3.15,securus,2026-01-14,47011,,
COUNTY,TN,CHEATHAM,,$3.15,$3.15,securus,2026-01-14,47021,,
COUNTY,TN,CUMBERLAND,,$3.15,$3.15,securus,2026-01-14,47035,,
COUNTY,TN,DEKALB,,$3.15,$3.15,securus,2026-01-14,47041,,
COUNTY,TN,FAYETTE,,$2.85,$2.85,viapath,2026-01-14,47047,,
COUNTY,TN,GREENE,,$3.15,$3.15,securus,2026-01-14,47059,,
COUNTY,TN,HAMBLEN,,$1.05,$1.05,securus,2026-01-14,47063,,
COUNTY,TN,HAMILTON,,$1.05,$1.05,securus,2026-01-14,47065,,
COUNTY,TN,HUMPHREYS,,$3.15,$3.15,paytel,2026-01-14,47085,,
COUNTY,TN,JOHNSON,,$3.15,$3.15,securus,2026-01-14,47091,,
COUNTY,TN,KNOX,,$2.50,$2.50,ics,2026-01-14,47093,,
COUNTY,TN,LINCOLN,,$2.80,$2.80,ics,2026-01-14,47103,,
COUNTY,TN,MARION,,$3.15,$3.15,securus,2026-01-14,47115,,
COUNTY,TN,MCMINN,,$3.15,$3.15,securus,2026-01-14,47107,,
COUNTY,TN,MEIGS,,$3.15,$3.15,paytel,2026-01-14,47121,,
COUNTY,TN,RHEA,,$3.15,$3.15,securus,2026-01-14,47143,,
COUNTY,TN,ROBERTSON,,$1.80,$2.40,viapath,2026-01-14,47147,,
COUNTY,TN,RUTHERFORD,,$3.25,$3.25,ics,2026-01-14,47149,,
COUNTY,TN,SCOTT,,$1.35,$1.35,ics,2026-01-14,47151,,
COUNTY,TN,SHELBY,,$1.49,$1.49,viapath,2026-01-14,47157,,
COUNTY,TN,SMITH,,$3.15,$3.15,securus,2026-01-14,47159,,
COUNTY,TN,SULLIVAN,,$1.05,$1.05,securus,2026-01-14,47163,,
COUNTY,TN,SUMNER,,$1.95,$3.15,securus,2026-01-14,47165,,
COUNTY,TN,TIPTON,,$3.15,$3.15,securus,2026-01-14,47167,,
COUNTY,TN,TROUSDALE,,$1.80,$1.80,paytel,2026-01-14,47169,,
COUNTY,TN,UNION,,$3.75,$3.15,amtel,2026-01-14,47173,,
COUNTY,TN,WARREN,,$1.35,$1.35,securus,2026-01-14,47177,,
COUNTY,TN,WHITE,,$1.35,$1.35,ics,2026-01-14,47185,,
COUNTY,TN,WILSON,,$1.50,$1.65,viapath,2026-01-14,47189,,
COUNTY,TX,BEXAR,,$0.90,$0.90,ics,2026-01-14,48029,,
COUNTY,TX,BURNET,,$3.15,$3.15,viapath,2026-01-14,48053,,
COUNTY,TX,COLLIN,,$1.50,$1.50,ics,2026-01-14,48085,,
COUNTY,TX,COLORADO,,$3.15,$3.15,viapath,2026-01-14,48089,,
COUNTY,TX,COMAL,,$1.05,$1.05,ics,2026-01-14,48091,,
COUNTY,TX,DALLAS,,$1.35,$1.35,securus,2026-01-14,48113,,
COUNTY,TX,DUVAL,,$3.15,$3.15,securus,2026-01-14,48131,,
COUNTY,TX,ECTOR,,$3.15,$3.15,securus,2026-01-14,48135,,
COUNTY,TX,EL PASO,,$1.35,$1.35,viapath,2026-01-14,48141,,
COUNTY,TX,FORT BEND,,$2.86,$2.86,securus,2026-01-14,48157,,
COUNTY,TX,GAINES,,$1.80,$1.80,viapath,2026-01-14,48165,,
COUNTY,TX,GALVESTON,,$3.15,$3.15,viapath,2026-01-14,48167,,
COUNTY,TX,GUADALUPE,,$1.05,$1.05,viapath,2026-01-14,48187,,
COUNTY,TX,HALE,,$3.15,$3.15,securus,2026-01-14,48189,,
COUNTY,TX,HARRIS,,$2.10,$2.10,securus,2026-01-14,48201,,
COUNTY,TX,HILL,,$0.90,$0.90,securus,2026-01-14,48217,,
COUNTY,TX,HOOD,,$3.15,$3.15,viapath,2026-01-14,48221,,
COUNTY,TX,HUNT,,$3.15,$3.15,ics,2026-01-14,48231,,
COUNTY,TX,JACKSON,,$3.15,$3.15,ics,2026-01-14,48239,,
COUNTY,TX,JEFFERSON,,$2.40,$2.40,viapath,2026-01-14,48245,,
COUNTY,TX,JOHNSON,,$3.15,$3.15,viapath,2026-01-14,48251,,
COUNTY,TX,JONES,,$1.80,$1.80,viapath,2026-01-14,48253,,
COUNTY,TX,KARNES,,$0.90,$0.90,ics,2026-01-14,48255,,
COUNTY,TX,KINNEY,,$3.15,$3.15,ics,2026-01-14,48271,,
COUNTY,TX,LEE,,$3.15,$3.15,viapath,2026-01-14,48287,,
COUNTY,TX,LLANO,,$3.15,$3.15,ics,2026-01-14,48299,,
COUNTY,TX,LUBBOCK,,$2.40,$2.40,ics,2026-01-14,48303,,
COUNTY,TX,MCLENNAN,,$2.40,$2.40,viapath,2026-01-14,48309,,
COUNTY,TX,MIDLAND,,$3.15,$3.15,securus,2026-01-14,48329,,
COUNTY,TX,MILAM,,$3.00,$3.00,ics,2026-01-14,48331,,
COUNTY,TX,MONTGOMERY,,$3.15,$3.15,securus,2026-01-14,48339,,
COUNTY,TX,NACOGDOCHES,,$3.15,$3.15,ics,2026-01-14,48347,,
COUNTY,TX,NUECES,,$2.40,$2.40,ics,2026-01-14,48355,,
COUNTY,TX,OLDHAM,,$3.15,$3.15,securus,2026-01-14,48359,,
COUNTY,TX,PALO PINTO,,$3.15,$3.15,ics,2026-01-14,48363,,
COUNTY,TX,PECOS,,$3.15,$3.15,viapath,2026-01-14,48371,,
COUNTY,TX,POTTER,,$3.15,$3.15,viapath,2026-01-14,48375,,
COUNTY,TX,ROCKWALL,,$3.15,$3.15,securus,2026-01-14,48397,,
COUNTY,TX,SAN PATRICIO,,$3.15,$3.15,securus,2026-01-14,48409,,
COUNTY,TX,TITUS,,$3.15,$3.15,securus,2026-01-14,48449,,
COUNTY,TX,TRAVIS,,$0.38,$0.38,viapath,2026-01-14,48453,,
COUNTY,TX,UVALDE,,$3.15,$3.15,securus,2026-01-14,48463,,
COUNTY,TX,WALLER,,$3.15,$3.15,ics,2026-01-14,48473,,
COUNTY,TX,WASHINGTON,,$3.15,$3.15,viapath,2026-01-14,48477,,
COUNTY,TX,WICHITA,,$3.15,$3.15,viapath,2026-01-14,48485,,
COUNTY,TX,WOOD,,$2.10,$2.10,securus,2026-01-14,48499,,
COUNTY,UT,DUCHESNE,,$3.15,$3.15,paytel,2026-01-14,49013,,
COUNTY,UT,IRON,,$3.15,$3.15,securus,2026-01-14,49021,,
COUNTY,UT,KANE,,$2.40,$2.40,ics,2026-01-14,49025,,
COUNTY,UT,MILLARD,,$1.80,$1.80,ics,2026-01-14,49027,,
COUNTY,UT,SAN JUAN,,$3.15,$3.15,ics,2026-01-14,49037,,
COUNTY,UT,TOOELE,,$3.15,$3.15,securus,2026-01-14,49045,,
COUNTY,UT,UINTAH,,$3.15,$3.15,securus,2026-01-14,49047,,
COUNTY,UT,UTAH,,$3.15,$3.15,securus,2026-01-14,49049,,
COUNTY,UT,WEBER,,$1.95,$1.95,securus,2026-01-14,49057,,
COUNTY,VA,ACCOMACK,,$1.80,$1.80,securus,2026-01-14,51001,,
COUNTY,VA,AMELIA,,$0.90,$0.90,viapath,2026-01-14,51007,,
COUNTY,VA,AMHERST,,$2.40,$2.40,viapath,2026-01-14,51009,,
COUNTY,VA,APPOMATTOX,,$2.40,$2.40,viapath,2026-01-14,51011,,
COUNTY,VA,ARLINGTON,,$2.10,$2.10,securus,2026-01-14,51013,,
COUNTY,VA,BEDFORD,,$2.40,$2.40,viapath,2026-01-14,51019,,
COUNTY,VA,BLAND,,$0.35,$0.35,viapath,2026-01-14,51021,,
COUNTY,VA,BOTETOURT,,$3.15,$3.15,paytel,2026-01-14,51023,,
COUNTY,VA,BRUNSWICK,,$0.35,$0.35,viapath,2026-01-14,51025,,
COUNTY,VA,BUCKINGHAM,,$0.35,$0.35,viapath,2026-01-14,51029,,
COUNTY,VA,CAMPBELL,,$2.40,$2.40,viapath,2026-01-14,51031,,
COUNTY,VA,CARROLL,,$3.45,$3.15,viapath,2026-01-14,51035,,
COUNTY,VA,CHARLES CITY,,$1.65,$1.65,viapath,2026-01-14,51036,,
COUNTY,VA,CHARLOTTE,,$3.15,$3.15,paytel,2026-01-14,51037,,
COUNTY,VA,CULPEPER,,$3.15,$3.15,paytel,2026-01-14,51047,,
COUNTY,VA,CUMBERLAND,,$0.90,$0.90,viapath,2026-01-14,51049,,
COUNTY,VA,FAUQUIER,,$3.15,$3.15,paytel,2026-01-14,51061,,
COUNTY,VA,FLOYD,,$3.45,$3.15,viapath,2026-01-14,51063,,
COUNTY,VA,FLUVANNA,,$1.05,$1.05,securus,2026-01-14,51065,,
COUNTY,VA,FRANKLIN,,$3.15,$3.15,paytel,2026-01-14,51067,,
COUNTY,VA,FREDERICK,,$2.25,$2.25,paytel,2026-01-14,51069,,
COUNTY,VA,GILES,,$3.45,$3.15,viapath,2026-01-14,51071,,
COUNTY,VA,GLOUCESTER,,$1.80,$1.80,viapath,2026-01-14,51073,,
COUNTY,VA,GRAYSON,,$3.45,$3.15,viapath,2026-01-14,51077,,
COUNTY,VA,GREENE,,$1.05,$1.05,securus,2026-01-14,51079,,
COUNTY,VA,GREENSVILLE,,$0.35,$0.35,viapath,2026-01-14,51081,,
COUNTY,VA,HALIFAX,,$0.35,$0.35,viapath,2026-01-14,51083,,
COUNTY,VA,HENRY,,$3.15,$3.15,paytel,2026-01-14,51089,,
COUNTY,VA,HIGHLAND,,$1.95,$1.95,viapath,2026-01-14,51091,,
COUNTY,VA,ISLE OF WIGHT,,$2.25,$2.25,viapath,2026-01-14,51093,,
COUNTY,VA,JAMES CITY,,$3.15,$3.15,viapath,2026-01-14,51095,,
COUNTY,VA,LANCASTER,,$2.70,$3.15,securus,2026-01-14,51103,,
COUNTY,VA,LOUDOUN,,$2.10,$2.10,viapath,2026-01-14,51107,,
COUNTY,VA,LOUISA,,$1.05,$1.05,securus,2026-01-14,51109,,
COUNTY,VA,LUNENBURG,,$0.35,$0.35,viapath,2026-01-14,51111,,
COUNTY,VA,LYNCHBURG,,$2.40,$2.40,viapath,2026-01-14,51680,,
COUNTY,VA,MONTGOMERY,,$2.63,$2.63,viapath,2026-01-14,51121,,
COUNTY,VA,NORTHUMBERLAND,,$3.15,$3.15,securus,2026-01-14,51133,,
COUNTY,VA,NOTTOWAY,,$0.35,$0.35,viapath,2026-01-14,51135,,
COUNTY,VA,PAGE,,$3.15,$3.15,paytel,2026-01-14,51139,,
COUNTY,VA,PITTSYLVANIA,,,$2.70,ics,2026-01-14,51143,,
COUNTY,VA,PRINCE EDWARD,,$0.90,$0.90,viapath,2026-01-14,51147,,
COUNTY,VA,PRINCE GEORGE,,$1.65,$1.65,viapath,2026-01-14,51149,,
COUNTY,VA,PRINCE WILLIAM,,$1.65,$1.65,viapath,2026-01-14,51153,,
COUNTY,VA,PULASKI,,$3.45,$3.15,viapath,2026-01-14,51155,,
COUNTY,VA,RAPPAHANNOCK,,$3.60,$2.40,viapath,2026-01-14,51157,,
COUNTY,VA,RICHMOND,,$1.35,$1.35,viapath,2026-01-14,51159,,
COUNTY,VA,ROANOKE,,$1.35,$1.35,ics,2026-01-14,51161,,
COUNTY,VA,ROCKBRIDGE,,$3.15,$3.15,paytel,2026-01-14,51163,,
COUNTY,VA,SHENANDOAH,,$2.25,$2.25,paytel,2026-01-14,51171,,
COUNTY,VA,SOUTHAMPTON,,$3.15,$3.15,securus,2026-01-14,51175,,
COUNTY,VA,STAFFORD,,$0.35,$0.35,viapath,2026-01-14,51179,,
COUNTY,VA,SUFFOLK,,$2.25,$2.25,viapath,2026-01-14,51800,,
COUNTY,VA,SURRY,,$1.65,$1.65,viapath,2026-01-14,51181,,
COUNTY,VA,SUSSEX,,$2.25,$2.25,securus,2026-01-14,51183,,
COUNTY,VA,WARREN,,$2.25,$2.25,paytel,2026-01-14,51187,,
COUNTY,VA,WESTMORELAND,,$3.15,$3.15,securus,2026-01-14,51193,,
COUNTY,VA,WYTHE,,$3.45,$3.15,viapath,2026-01-14,51197,,
COUNTY,VA,YORK,,$3.15,$3.15,viapath,2026-01-14,51199,,
COUNTY,VT,ADDISON,,$0.42,$0.90,ics,2026-01-14,50001,,
COUNTY,VT,BENNINGTON,,$0.42,$0.90,ics,2026-01-14,50003,,
COUNTY,VT,CALEDONIA,,$0.42,$0.90,ics,2026-01-14,50005,,
COUNTY,VT,CHITTENDEN,,$0.42,$0.90,ics,2026-01-14,50007,,
COUNTY,VT,ESSEX,,$0.42,$0.90,ics,2026-01-14,50009,,
COUNTY,VT,FRANKLIN,,$0.42,$0.90,ics,2026-01-14,50011,,
COUNTY,VT,GRAND ISLE,,$0.42,$0.90,ics,2026-01-14,50013,,
COUNTY,VT,LAMOILLE,,$0.42,$0.90,ics,2026-01-14,50015,,
COUNTY,VT,ORANGE,,$0.42,$0.90,ics,2026-01-14,50017,,
COUNTY,VT,ORLEANS,,$0.42,$0.90,ics,2026-01-14,50019,,
COUNTY,VT,RUTLAND,,$0.42,$0.90,ics,2026-01-14,50021,,
COUNTY,VT,WASHINGTON,,$0.42,$0.90,ics,2026-01-14,50023,,
COUNTY,VT,WINDHAM,,$0.42,$0.90,ics,2026-01-14,50025,,
COUNTY,VT,WINDSOR,,$0.42,$0.90,ics,2026-01-14,50027,,
COUNTY,WA,COWLITZ,,$2.70,$3.15,securus,2026-01-14,53015,,
COUNTY,WA,GRANT,,$0.00,$0.00,viapath,2026-01-14,53025,,
COUNTY,WA,GRAYS HARBOR,,$1.50,$1.50,ics,2026-01-14,53027,,
COUNTY,WA,ISLAND,,$1.80,$1.80,securus,2026-01-14,53029,,
COUNTY,WA,KING,,$0.75,$0.75,securus,2026-01-14,53033,,
COUNTY,WA,OKANOGAN,,$3.15,$3.15,paytel,2026-01-14,53047,,
COUNTY,WA,PIERCE,,$1.05,$1.05,securus,2026-01-14,53053,,
COUNTY,WA,SNOHOMISH,,$0.00,$0.00,viapath,2026-01-14,53061,,
COUNTY,WA,SPOKANE,,$1.26,$1.26,securus,2026-01-14,53063,,
COUNTY,WA,WALLA WALLA,,$3.15,$3.15,securus,2026-01-14,53071,,
COUNTY,WA,WHATCOM,,$0.75,$0.75,ics,2026-01-14,53073,,
COUNTY,WA,YAKIMA,,$3.00,$3.00,securus,2026-01-14,53077,,
COUNTY,WI,BARRON,,$2.40,$2.40,securus,2026-01-14,55005,,
COUNTY,WI,BAYFIELD,,$3.75,$3.15,reliance,2026-01-14,55007,,
COUNTY,WI,BROWN,,$3.15,$3.15,securus,2026-01-14,55009,,
COUNTY,WI,CHIPPEWA,,$1.35,$1.35,securus,2026-01-14,55017,,
COUNTY,WI,CRAWFORD,,$3.75,$3.15,reliance,2026-01-14,55023,,
COUNTY,WI,DANE,,$1.05,$1.05,viapath,2026-01-14,55025,,
COUNTY,WI,DODGE,,$3.15,$3.15,ics,2026-01-14,55027,,
COUNTY,WI,DOOR,,$3.15,$3.15,ics,2026-01-14,55029,,
COUNTY,WI,DOUGLAS,,$3.75,$3.15,reliance,2026-01-14,55031,,
COUNTY,WI,DUNN,,$2.40,$2.40,ics,2026-01-14,55033,,
COUNTY,WI,EAU CLAIRE,,$1.35,$1.35,ics,2026-01-14,55035,,
COUNTY,WI,FOND DU LAC,,$3.15,$3.15,ics,2026-01-14,55039,,
COUNTY,WI,GREEN,,$3.75,$3.15,reliance,2026-01-14,55045,,
COUNTY,WI,GREEN LAKE,,$3.75,$3.15,reliance,2026-01-14,55047,,
COUNTY,WI,JUNEAU,,$2.25,$2.70,securus,2026-01-14,55057,,
COUNTY,WI,KENOSHA,,$3.15,$3.15,viapath,2026-01-14,55059,,
COUNTY,WI,KEWAUNEE,,$3.15,$3.15,ics,2026-01-14,55061,,
COUNTY,WI,LA CROSSE,,$3.15,$3.15,securus,2026-01-14,55063,,
COUNTY,WI,LANGLADE,,$1.35,$1.35,ics,2026-01-14,55067,,
COUNTY,WI,LINCOLN,,$1.65,$1.65,securus,2026-01-14,55069,,
COUNTY,WI,MARQUETTE,,$1.65,$1.65,reliance,2026-01-14,55077,,
COUNTY,WI,MILWAUKEE,,$0.90,$0.90,ics,2026-01-14,55079,,
COUNTY,WI,MONROE,,$3.15,$3.15,securus,2026-01-14,55081,,
COUNTY,WI,OUTAGAMIE,,$2.40,$2.40,viapath,2026-01-14,55087,,
COUNTY,WI,OZAUKEE,,$1.50,$1.50,ics,2026-01-14,55089,,
COUNTY,WI,PEPIN,,$3.75,$3.15,reliance,2026-01-14,55091,,
COUNTY,WI,PORTAGE,,$3.75,$3.15,reliance,2026-01-14,55097,,
COUNTY,WI,RACINE,,$3.15,$3.15,securus,2026-01-14,55101,,
COUNTY,WI,RICHLAND,,$3.75,$3.15,reliance,2026-01-14,55103,,
COUNTY,WI,ROCK,,$0.90,$0.90,ics,2026-01-14,55105,,
COUNTY,WI,SAUK,,$3.15,$3.15,viapath,2026-01-14,55111,,
COUNTY,WI,SAWYER,,$3.75,$3.15,reliance,2026-01-14,55113,,
COUNTY,WI,SHEBOYGAN,,$3.15,$3.15,securus,2026-01-14,55117,,
COUNTY,WI,TAYLOR,,$3.75,$3.15,reliance,2026-01-14,55119,,
COUNTY,WI,VILAS,,$3.15,$3.15,securus,2026-01-14,55125,,
COUNTY,WI,WALWORTH,,$2.10,$2.10,viapath,2026-01-14,55127,,
COUNTY,WI,WASHINGTON,,$3.15,$3.15,ics,2026-01-14,55131,,
COUNTY,WI,WAUKESHA,,$3.15,$3.15,viapath,2026-01-14,55133,,
COUNTY,WI,WINNEBAGO,,$2.40,$2.40,ics,2026-01-14,55139,,
COUNTY,WY,BIG HORN,,$1.80,$1.80,securus,2026-01-14,56003,,
COUNTY,WY,PARK,,$5.63,$3.15,amtel,2026-01-14,56029,,
